,link
0,https://www.amazon.co.jp/gp/bestsellers/zgbs/331563011
1,https://www.amazon.co.jp/gp/bestsellers/zgbs/2201346051
2,https://www.amazon.co.jp/gp/bestsellers/zgbs/2131714051
3,https://www.amazon.co.jp/gp/bestsellers/zgbs/15679491
4,https://www.amazon.co.jp/gp/bestsellers/zgbs/15335431
5,https://www.amazon.co.jp/gp/bestsellers/zgbs/15695881
6,https://www.amazon.co.jp/gp/bestsellers/zgbs/2332631051
7,https://www.amazon.co.jp/gp/bestsellers/zgbs/15679501
8,https://www.amazon.co.jp/gp/bestsellers/zgbs/15679511
9,https://www.amazon.co.jp/gp/bestsellers/zgbs/2249089051
10,https://www.amazon.co.jp/gp/bestsellers/zgbs/2201174051
11,https://www.amazon.co.jp/gp/bestsellers/zgbs/5966422051
12,https://www.amazon.co.jp/gp/bestsellers/zgbs/5313110051
13,https://www.amazon.co.jp/gp/bestsellers/zgbs/2247254051
14,https://www.amazon.co.jp/gp/bestsellers/zgbs/2189312051
15,https://www.amazon.co.jp/gp/bestsellers/zgbs/15679541
16,https://www.amazon.co.jp/gp/bestsellers/zgbs/15335481
17,https://www.amazon.co.jp/gp/bestsellers/zgbs/331006011
18,https://www.amazon.co.jp/gp/bestsellers/zgbs/15335491
19,https://www.amazon.co.jp/gp/bestsellers/zgbs/3182207051
20,https://www.amazon.co.jp/gp/bestsellers/zgbs/2201215051
21,https://www.amazon.co.jp/gp/bestsellers/zgbs/344957011
22,https://www.amazon.co.jp/gp/bestsellers/zgbs/15335511
23,https://www.amazon.co.jp/gp/bestsellers/zgbs/3502121051
24,https://www.amazon.co.jp/gp/bestsellers/zgbs/15335521
25,https://www.amazon.co.jp/gp/bestsellers/zgbs/15695971
26,https://www.amazon.co.jp/gp/bestsellers/zgbs/7654654051
27,https://www.amazon.co.jp/gp/bestsellers/zgbs/15360101
28,https://www.amazon.co.jp/gp/bestsellers/zgbs/15671401
29,https://www.amazon.co.jp/gp/bestsellers/zgbs/15335531
30,https://www.amazon.co.jp/gp/bestsellers/zgbs/15360111
31,https://www.amazon.co.jp/gp/bestsellers/zgbs/2131624051
32,https://www.amazon.co.jp/gp/bestsellers/zgbs/3182248051
33,https://www.amazon.co.jp/gp/bestsellers/zgbs/3208872051
34,https://www.amazon.co.jp/gp/bestsellers/zgbs/2201256051
35,https://www.amazon.co.jp/gp/bestsellers/zgbs/16023671
36,https://www.amazon.co.jp/gp/bestsellers/zgbs/15695991
37,https://www.amazon.co.jp/gp/bestsellers/zgbs/15335541
38,https://www.amazon.co.jp/gp/bestsellers/zgbs/15360121
39,https://www.amazon.co.jp/gp/bestsellers/zgbs/3412861051
40,https://www.amazon.co.jp/gp/bestsellers/zgbs/15671411
41,https://www.amazon.co.jp/gp/bestsellers/zgbs/2221138051
42,https://www.amazon.co.jp/gp/bestsellers/zgbs/15360131
43,https://www.amazon.co.jp/gp/bestsellers/zgbs/15696011
44,https://www.amazon.co.jp/gp/bestsellers/zgbs/5368103051
45,https://www.amazon.co.jp/gp/bestsellers/zgbs/15671441
46,https://www.amazon.co.jp/gp/bestsellers/zgbs/5393916051
47,https://www.amazon.co.jp/gp/bestsellers/zgbs/15335571
48,https://www.amazon.co.jp/gp/bestsellers/zgbs/2201297051
49,https://www.amazon.co.jp/gp/bestsellers/zgbs/15671451
50,https://www.amazon.co.jp/gp/bestsellers/zgbs/15335591
51,https://www.amazon.co.jp/gp/bestsellers/zgbs/15335601
52,https://www.amazon.co.jp/gp/bestsellers/zgbs/5773648051
53,https://www.amazon.co.jp/gp/bestsellers/zgbs/5637456051
54,https://www.amazon.co.jp/gp/bestsellers/zgbs/15671481
55,https://www.amazon.co.jp/gp/bestsellers/zgbs/15335611
56,https://www.amazon.co.jp/gp/bestsellers/zgbs/15384771
57,https://www.amazon.co.jp/gp/bestsellers/zgbs/2201338051
58,https://www.amazon.co.jp/gp/bestsellers/zgbs/15335621
59,https://www.amazon.co.jp/gp/bestsellers/zgbs/3163898051
60,https://www.amazon.co.jp/gp/bestsellers/zgbs/2131706051
61,https://www.amazon.co.jp/gp/bestsellers/zgbs/87802051
62,https://www.amazon.co.jp/gp/bestsellers/zgbs/2393039051
63,https://www.amazon.co.jp/gp/bestsellers/zgbs/15671501
64,https://www.amazon.co.jp/gp/bestsellers/zgbs/15335631
65,https://www.amazon.co.jp/gp/bestsellers/zgbs/2249081051
66,https://www.amazon.co.jp/gp/bestsellers/zgbs/5966414051
67,https://www.amazon.co.jp/gp/bestsellers/zgbs/2247246051
68,https://www.amazon.co.jp/gp/bestsellers/zgbs/2201166051
69,https://www.amazon.co.jp/gp/bestsellers/zgbs/2201379051
70,https://www.amazon.co.jp/gp/bestsellers/zgbs/15384811
71,https://www.amazon.co.jp/gp/bestsellers/zgbs/2189304051
72,https://www.amazon.co.jp/gp/bestsellers/zgbs/15384821
73,https://www.amazon.co.jp/gp/bestsellers/zgbs/15360251
74,https://www.amazon.co.jp/gp/bestsellers/zgbs/15671551
75,https://www.amazon.co.jp/gp/bestsellers/zgbs/3256951051
76,https://www.amazon.co.jp/gp/bestsellers/zgbs/2201207051
77,https://www.amazon.co.jp/gp/bestsellers/zgbs/15360271
78,https://www.amazon.co.jp/gp/bestsellers/zgbs/2131788051
79,https://www.amazon.co.jp/gp/bestsellers/zgbs/15671581
80,https://www.amazon.co.jp/gp/bestsellers/zgbs/7654646051
81,https://www.amazon.co.jp/gp/bestsellers/zgbs/331039011
82,https://www.amazon.co.jp/gp/bestsellers/zgbs/15384871
83,https://www.amazon.co.jp/gp/bestsellers/zgbs/3192267051
84,https://www.amazon.co.jp/gp/bestsellers/zgbs/3208864051
85,https://www.amazon.co.jp/gp/bestsellers/zgbs/3182240051
86,https://www.amazon.co.jp/gp/bestsellers/zgbs/2201248051
87,https://www.amazon.co.jp/gp/bestsellers/zgbs/3412853051
88,https://www.amazon.co.jp/gp/bestsellers/zgbs/2131829051
89,https://www.amazon.co.jp/gp/bestsellers/zgbs/15360321
90,https://www.amazon.co.jp/gp/bestsellers/zgbs/2221130051
91,https://www.amazon.co.jp/gp/bestsellers/zgbs/15671621
92,https://www.amazon.co.jp/gp/bestsellers/zgbs/2131657051
93,https://www.amazon.co.jp/gp/bestsellers/zgbs/2201289051
94,https://www.amazon.co.jp/gp/bestsellers/zgbs/3151774051
95,https://www.amazon.co.jp/gp/bestsellers/zgbs/346055011
96,https://www.amazon.co.jp/gp/bestsellers/zgbs/4636574051
97,https://www.amazon.co.jp/gp/bestsellers/zgbs/2221171051
98,https://www.amazon.co.jp/gp/bestsellers/zgbs/5773640051
99,https://www.amazon.co.jp/gp/bestsellers/zgbs/2201330051
100,https://www.amazon.co.jp/gp/bestsellers/zgbs/2131698051
101,https://www.amazon.co.jp/gp/bestsellers/zgbs/87794051
102,https://www.amazon.co.jp/gp/bestsellers/zgbs/2247623051
103,https://www.amazon.co.jp/gp/bestsellers/zgbs/2247238051
104,https://www.amazon.co.jp/gp/bestsellers/zgbs/2201158051
105,https://www.amazon.co.jp/gp/bestsellers/zgbs/15360421
106,https://www.amazon.co.jp/gp/bestsellers/zgbs/2131739051
107,https://www.amazon.co.jp/gp/bestsellers/zgbs/2201371051
108,https://www.amazon.co.jp/gp/bestsellers/zgbs/2189296051
109,https://www.amazon.co.jp/gp/bestsellers/zgbs/15385031
110,https://www.amazon.co.jp/gp/bestsellers/zgbs/3182191051
111,https://www.amazon.co.jp/gp/bestsellers/zgbs/2201199051
112,https://www.amazon.co.jp/gp/bestsellers/zgbs/3151684051
113,https://www.amazon.co.jp/gp/bestsellers/zgbs/2131780051
114,https://www.amazon.co.jp/gp/bestsellers/zgbs/344941011
115,https://www.amazon.co.jp/gp/bestsellers/zgbs/4440302051
116,https://www.amazon.co.jp/gp/bestsellers/zgbs/7654638051
117,https://www.amazon.co.jp/gp/bestsellers/zgbs/15385061
118,https://www.amazon.co.jp/gp/bestsellers/zgbs/15385071
119,https://www.amazon.co.jp/gp/bestsellers/zgbs/2201240051
120,https://www.amazon.co.jp/gp/bestsellers/zgbs/15385081
121,https://www.amazon.co.jp/gp/bestsellers/zgbs/2131821051
122,https://www.amazon.co.jp/gp/bestsellers/zgbs/2221122051
123,https://www.amazon.co.jp/gp/bestsellers/zgbs/15385091
124,https://www.amazon.co.jp/gp/bestsellers/zgbs/2188993051
125,https://www.amazon.co.jp/gp/bestsellers/zgbs/2131649051
126,https://www.amazon.co.jp/gp/bestsellers/zgbs/3182273051
127,https://www.amazon.co.jp/gp/bestsellers/zgbs/2201281051
128,https://www.amazon.co.jp/gp/bestsellers/zgbs/15385121
129,https://www.amazon.co.jp/gp/bestsellers/zgbs/6111126051
130,https://www.amazon.co.jp/gp/bestsellers/zgbs/4636566051
131,https://www.amazon.co.jp/gp/bestsellers/zgbs/2221163051
132,https://www.amazon.co.jp/gp/bestsellers/zgbs/15385131
133,https://www.amazon.co.jp/gp/bestsellers/zgbs/5368128051
134,https://www.amazon.co.jp/gp/bestsellers/zgbs/377406011
135,https://www.amazon.co.jp/gp/bestsellers/zgbs/15360571
136,https://www.amazon.co.jp/gp/bestsellers/zgbs/6102762051
137,https://www.amazon.co.jp/gp/bestsellers/zgbs/2131690051
138,https://www.amazon.co.jp/gp/bestsellers/zgbs/2201322051
139,https://www.amazon.co.jp/gp/bestsellers/zgbs/3151807051
140,https://www.amazon.co.jp/gp/bestsellers/zgbs/2227348051
141,https://www.amazon.co.jp/gp/bestsellers/zgbs/3305620051
142,https://www.amazon.co.jp/gp/bestsellers/zgbs/5773673051
143,https://www.amazon.co.jp/gp/bestsellers/zgbs/2201150051
144,https://www.amazon.co.jp/gp/bestsellers/zgbs/3182142051
145,https://www.amazon.co.jp/gp/bestsellers/zgbs/377447011
146,https://www.amazon.co.jp/gp/bestsellers/zgbs/15360611
147,https://www.amazon.co.jp/gp/bestsellers/zgbs/2131731051
148,https://www.amazon.co.jp/gp/bestsellers/zgbs/2201363051
149,https://www.amazon.co.jp/gp/bestsellers/zgbs/3182183051
150,https://www.amazon.co.jp/gp/bestsellers/zgbs/2201191051
151,https://www.amazon.co.jp/gp/bestsellers/zgbs/2131772051
152,https://www.amazon.co.jp/gp/bestsellers/zgbs/344933011
153,https://www.amazon.co.jp/gp/bestsellers/zgbs/15360661
154,https://www.amazon.co.jp/gp/bestsellers/zgbs/6152209051
155,https://www.amazon.co.jp/gp/bestsellers/zgbs/10658481
156,https://www.amazon.co.jp/gp/bestsellers/zgbs/491193011
157,https://www.amazon.co.jp/gp/bestsellers/zgbs/3182224051
158,https://www.amazon.co.jp/gp/bestsellers/zgbs/2201232051
159,https://www.amazon.co.jp/gp/bestsellers/zgbs/5400421051
160,https://www.amazon.co.jp/gp/bestsellers/zgbs/2131813051
161,https://www.amazon.co.jp/gp/bestsellers/zgbs/2221114051
162,https://www.amazon.co.jp/gp/bestsellers/zgbs/2329871051
163,https://www.amazon.co.jp/gp/bestsellers/zgbs/7237092051
164,https://www.amazon.co.jp/gp/bestsellers/zgbs/3182265051
165,https://www.amazon.co.jp/gp/bestsellers/zgbs/2201273051
166,https://www.amazon.co.jp/gp/bestsellers/zgbs/2221155051
167,https://www.amazon.co.jp/gp/bestsellers/zgbs/5368120051
168,https://www.amazon.co.jp/gp/bestsellers/zgbs/6102754051
169,https://www.amazon.co.jp/gp/bestsellers/zgbs/2201314051
170,https://www.amazon.co.jp/gp/bestsellers/zgbs/2131682051
171,https://www.amazon.co.jp/gp/bestsellers/zgbs/87778051
172,https://www.amazon.co.jp/gp/bestsellers/zgbs/3151799051
173,https://www.amazon.co.jp/gp/bestsellers/zgbs/5773665051
174,https://www.amazon.co.jp/gp/bestsellers/zgbs/5637473051
175,https://www.amazon.co.jp/gp/bestsellers/zgbs/377439011
176,https://www.amazon.co.jp/gp/bestsellers/zgbs/15672101
177,https://www.amazon.co.jp/gp/bestsellers/zgbs/2131723051
178,https://www.amazon.co.jp/gp/bestsellers/zgbs/5902091051
179,https://www.amazon.co.jp/gp/bestsellers/zgbs/2201355051
180,https://www.amazon.co.jp/gp/bestsellers/zgbs/2738570051
181,https://www.amazon.co.jp/gp/bestsellers/zgbs/2249098051
182,https://www.amazon.co.jp/gp/bestsellers/zgbs/15672131
183,https://www.amazon.co.jp/gp/bestsellers/zgbs/3182175051
184,https://www.amazon.co.jp/gp/bestsellers/zgbs/15319891
185,https://www.amazon.co.jp/gp/bestsellers/zgbs/2131764051
186,https://www.amazon.co.jp/gp/bestsellers/zgbs/6152201051
187,https://www.amazon.co.jp/gp/bestsellers/zgbs/15319901
188,https://www.amazon.co.jp/gp/bestsellers/zgbs/15319911
189,https://www.amazon.co.jp/gp/bestsellers/zgbs/15328111
190,https://www.amazon.co.jp/gp/bestsellers/zgbs/491185011
191,https://www.amazon.co.jp/gp/bestsellers/zgbs/2201224051
192,https://www.amazon.co.jp/gp/bestsellers/zgbs/15672181
193,https://www.amazon.co.jp/gp/bestsellers/zgbs/2131805051
194,https://www.amazon.co.jp/gp/bestsellers/zgbs/3502130051
195,https://www.amazon.co.jp/gp/bestsellers/zgbs/15319951
196,https://www.amazon.co.jp/gp/bestsellers/zgbs/15319961
197,https://www.amazon.co.jp/gp/bestsellers/zgbs/3208881051
198,https://www.amazon.co.jp/gp/bestsellers/zgbs/2201265051
199,https://www.amazon.co.jp/gp/bestsellers/zgbs/15319971
200,https://www.amazon.co.jp/gp/bestsellers/zgbs/3412870051
201,https://www.amazon.co.jp/gp/bestsellers/zgbs/15672231
202,https://www.amazon.co.jp/gp/bestsellers/zgbs/15328171
203,https://www.amazon.co.jp/gp/bestsellers/zgbs/2221147051
204,https://www.amazon.co.jp/gp/bestsellers/zgbs/15319981
205,https://www.amazon.co.jp/gp/bestsellers/zgbs/5368112051
206,https://www.amazon.co.jp/gp/bestsellers/zgbs/15328181
207,https://www.amazon.co.jp/gp/bestsellers/zgbs/386606011
208,https://www.amazon.co.jp/gp/bestsellers/zgbs/3974661051
209,https://www.amazon.co.jp/gp/bestsellers/zgbs/2201306051
210,https://www.amazon.co.jp/gp/bestsellers/zgbs/2131674051
211,https://www.amazon.co.jp/gp/bestsellers/zgbs/15328201
212,https://www.amazon.co.jp/gp/bestsellers/zgbs/15328211
213,https://www.amazon.co.jp/gp/bestsellers/zgbs/5773657051
214,https://www.amazon.co.jp/gp/bestsellers/zgbs/5637465051
215,https://www.amazon.co.jp/gp/bestsellers/zgbs/2201134051
216,https://www.amazon.co.jp/gp/bestsellers/zgbs/377431011
217,https://www.amazon.co.jp/gp/bestsellers/zgbs/2201347051
218,https://www.amazon.co.jp/gp/bestsellers/zgbs/2131715051
219,https://www.amazon.co.jp/gp/bestsellers/zgbs/15328251
220,https://www.amazon.co.jp/gp/bestsellers/zgbs/2249090051
221,https://www.amazon.co.jp/gp/bestsellers/zgbs/15320071
222,https://www.amazon.co.jp/gp/bestsellers/zgbs/2201175051
223,https://www.amazon.co.jp/gp/bestsellers/zgbs/5966423051
224,https://www.amazon.co.jp/gp/bestsellers/zgbs/5313111051
225,https://www.amazon.co.jp/gp/bestsellers/zgbs/15320081
226,https://www.amazon.co.jp/gp/bestsellers/zgbs/2131756051
227,https://www.amazon.co.jp/gp/bestsellers/zgbs/15672341
228,https://www.amazon.co.jp/gp/bestsellers/zgbs/15328301
229,https://www.amazon.co.jp/gp/bestsellers/zgbs/3182208051
230,https://www.amazon.co.jp/gp/bestsellers/zgbs/15328311
231,https://www.amazon.co.jp/gp/bestsellers/zgbs/344958011
232,https://www.amazon.co.jp/gp/bestsellers/zgbs/3502122051
233,https://www.amazon.co.jp/gp/bestsellers/zgbs/331048011
234,https://www.amazon.co.jp/gp/bestsellers/zgbs/7654655051
235,https://www.amazon.co.jp/gp/bestsellers/zgbs/3182249051
236,https://www.amazon.co.jp/gp/bestsellers/zgbs/2201257051
237,https://www.amazon.co.jp/gp/bestsellers/zgbs/3412862051
238,https://www.amazon.co.jp/gp/bestsellers/zgbs/15680611
239,https://www.amazon.co.jp/gp/bestsellers/zgbs/2361214051
240,https://www.amazon.co.jp/gp/bestsellers/zgbs/15320171
241,https://www.amazon.co.jp/gp/bestsellers/zgbs/2221139051
242,https://www.amazon.co.jp/gp/bestsellers/zgbs/5368104051
243,https://www.amazon.co.jp/gp/bestsellers/zgbs/15320181
244,https://www.amazon.co.jp/gp/bestsellers/zgbs/5393917051
245,https://www.amazon.co.jp/gp/bestsellers/zgbs/3131901051
246,https://www.amazon.co.jp/gp/bestsellers/zgbs/15328381
247,https://www.amazon.co.jp/gp/bestsellers/zgbs/15320191
248,https://www.amazon.co.jp/gp/bestsellers/zgbs/15680641
249,https://www.amazon.co.jp/gp/bestsellers/zgbs/2131666051
250,https://www.amazon.co.jp/gp/bestsellers/zgbs/2201298051
251,https://www.amazon.co.jp/gp/bestsellers/zgbs/3151783051
252,https://www.amazon.co.jp/gp/bestsellers/zgbs/15680661
253,https://www.amazon.co.jp/gp/bestsellers/zgbs/5773649051
254,https://www.amazon.co.jp/gp/bestsellers/zgbs/5637457051
255,https://www.amazon.co.jp/gp/bestsellers/zgbs/15320221
256,https://www.amazon.co.jp/gp/bestsellers/zgbs/377423011
257,https://www.amazon.co.jp/gp/bestsellers/zgbs/2201339051
258,https://www.amazon.co.jp/gp/bestsellers/zgbs/2131707051
259,https://www.amazon.co.jp/gp/bestsellers/zgbs/15320241
260,https://www.amazon.co.jp/gp/bestsellers/zgbs/2393040051
261,https://www.amazon.co.jp/gp/bestsellers/zgbs/2794661051
262,https://www.amazon.co.jp/gp/bestsellers/zgbs/2249082051
263,https://www.amazon.co.jp/gp/bestsellers/zgbs/2226554051
264,https://www.amazon.co.jp/gp/bestsellers/zgbs/15320261
265,https://www.amazon.co.jp/gp/bestsellers/zgbs/3182159051
266,https://www.amazon.co.jp/gp/bestsellers/zgbs/2247247051
267,https://www.amazon.co.jp/gp/bestsellers/zgbs/5966415051
268,https://www.amazon.co.jp/gp/bestsellers/zgbs/2201167051
269,https://www.amazon.co.jp/gp/bestsellers/zgbs/15320271
270,https://www.amazon.co.jp/gp/bestsellers/zgbs/2201380051
271,https://www.amazon.co.jp/gp/bestsellers/zgbs/3132409051
272,https://www.amazon.co.jp/gp/bestsellers/zgbs/2201208051
273,https://www.amazon.co.jp/gp/bestsellers/zgbs/2131789051
274,https://www.amazon.co.jp/gp/bestsellers/zgbs/7654647051
275,https://www.amazon.co.jp/gp/bestsellers/zgbs/3192268051
276,https://www.amazon.co.jp/gp/bestsellers/zgbs/3182241051
277,https://www.amazon.co.jp/gp/bestsellers/zgbs/3208865051
278,https://www.amazon.co.jp/gp/bestsellers/zgbs/2201249051
279,https://www.amazon.co.jp/gp/bestsellers/zgbs/3412854051
280,https://www.amazon.co.jp/gp/bestsellers/zgbs/2131830051
281,https://www.amazon.co.jp/gp/bestsellers/zgbs/3182282051
282,https://www.amazon.co.jp/gp/bestsellers/zgbs/2131658051
283,https://www.amazon.co.jp/gp/bestsellers/zgbs/2201290051
284,https://www.amazon.co.jp/gp/bestsellers/zgbs/3151775051
285,https://www.amazon.co.jp/gp/bestsellers/zgbs/4636575051
286,https://www.amazon.co.jp/gp/bestsellers/zgbs/2221172051
287,https://www.amazon.co.jp/gp/bestsellers/zgbs/5773641051
288,https://www.amazon.co.jp/gp/bestsellers/zgbs/2201331051
289,https://www.amazon.co.jp/gp/bestsellers/zgbs/6102771051
290,https://www.amazon.co.jp/gp/bestsellers/zgbs/2131699051
291,https://www.amazon.co.jp/gp/bestsellers/zgbs/15672691
292,https://www.amazon.co.jp/gp/bestsellers/zgbs/3305629051
293,https://www.amazon.co.jp/gp/bestsellers/zgbs/2247239051
294,https://www.amazon.co.jp/gp/bestsellers/zgbs/377456011
295,https://www.amazon.co.jp/gp/bestsellers/zgbs/2131740051
296,https://www.amazon.co.jp/gp/bestsellers/zgbs/2201372051
297,https://www.amazon.co.jp/gp/bestsellers/zgbs/2189297051
298,https://www.amazon.co.jp/gp/bestsellers/zgbs/5990811051
299,https://www.amazon.co.jp/gp/bestsellers/zgbs/2201200051
300,https://www.amazon.co.jp/gp/bestsellers/zgbs/3151685051
301,https://www.amazon.co.jp/gp/bestsellers/zgbs/2131781051
302,https://www.amazon.co.jp/gp/bestsellers/zgbs/344942011
303,https://www.amazon.co.jp/gp/bestsellers/zgbs/4440303051
304,https://www.amazon.co.jp/gp/bestsellers/zgbs/7654639051
305,https://www.amazon.co.jp/gp/bestsellers/zgbs/3182233051
306,https://www.amazon.co.jp/gp/bestsellers/zgbs/2201241051
307,https://www.amazon.co.jp/gp/bestsellers/zgbs/2131822051
308,https://www.amazon.co.jp/gp/bestsellers/zgbs/2221123051
309,https://www.amazon.co.jp/gp/bestsellers/zgbs/367937011
310,https://www.amazon.co.jp/gp/bestsellers/zgbs/2131650051
311,https://www.amazon.co.jp/gp/bestsellers/zgbs/3182274051
312,https://www.amazon.co.jp/gp/bestsellers/zgbs/2201282051
313,https://www.amazon.co.jp/gp/bestsellers/zgbs/4636567051
314,https://www.amazon.co.jp/gp/bestsellers/zgbs/2347116051
315,https://www.amazon.co.jp/gp/bestsellers/zgbs/5368129051
316,https://www.amazon.co.jp/gp/bestsellers/zgbs/377407011
317,https://www.amazon.co.jp/gp/bestsellers/zgbs/6102763051
318,https://www.amazon.co.jp/gp/bestsellers/zgbs/2131691051
319,https://www.amazon.co.jp/gp/bestsellers/zgbs/2201323051
320,https://www.amazon.co.jp/gp/bestsellers/zgbs/3169003051
321,https://www.amazon.co.jp/gp/bestsellers/zgbs/15672881
322,https://www.amazon.co.jp/gp/bestsellers/zgbs/5773674051
323,https://www.amazon.co.jp/gp/bestsellers/zgbs/7667263051
324,https://www.amazon.co.jp/gp/bestsellers/zgbs/2247231051
325,https://www.amazon.co.jp/gp/bestsellers/zgbs/2201151051
326,https://www.amazon.co.jp/gp/bestsellers/zgbs/2131732051
327,https://www.amazon.co.jp/gp/bestsellers/zgbs/2201364051
328,https://www.amazon.co.jp/gp/bestsellers/zgbs/3182184051
329,https://www.amazon.co.jp/gp/bestsellers/zgbs/3151677051
330,https://www.amazon.co.jp/gp/bestsellers/zgbs/2131773051
331,https://www.amazon.co.jp/gp/bestsellers/zgbs/344934011
332,https://www.amazon.co.jp/gp/bestsellers/zgbs/3182225051
333,https://www.amazon.co.jp/gp/bestsellers/zgbs/2131814051
334,https://www.amazon.co.jp/gp/bestsellers/zgbs/2221115051
335,https://www.amazon.co.jp/gp/bestsellers/zgbs/7237093051
336,https://www.amazon.co.jp/gp/bestsellers/zgbs/3182266051
337,https://www.amazon.co.jp/gp/bestsellers/zgbs/2201274051
338,https://www.amazon.co.jp/gp/bestsellers/zgbs/15673031
339,https://www.amazon.co.jp/gp/bestsellers/zgbs/7808911051
340,https://www.amazon.co.jp/gp/bestsellers/zgbs/2221156051
341,https://www.amazon.co.jp/gp/bestsellers/zgbs/5368121051
342,https://www.amazon.co.jp/gp/bestsellers/zgbs/6102755051
343,https://www.amazon.co.jp/gp/bestsellers/zgbs/2131683051
344,https://www.amazon.co.jp/gp/bestsellers/zgbs/87779051
345,https://www.amazon.co.jp/gp/bestsellers/zgbs/3151800051
346,https://www.amazon.co.jp/gp/bestsellers/zgbs/5773666051
347,https://www.amazon.co.jp/gp/bestsellers/zgbs/2131724051
348,https://www.amazon.co.jp/gp/bestsellers/zgbs/5902092051
349,https://www.amazon.co.jp/gp/bestsellers/zgbs/2201356051
350,https://www.amazon.co.jp/gp/bestsellers/zgbs/2249099051
351,https://www.amazon.co.jp/gp/bestsellers/zgbs/3184224051
352,https://www.amazon.co.jp/gp/bestsellers/zgbs/2131765051
353,https://www.amazon.co.jp/gp/bestsellers/zgbs/3151669051
354,https://www.amazon.co.jp/gp/bestsellers/zgbs/344926011
355,https://www.amazon.co.jp/gp/bestsellers/zgbs/15673151
356,https://www.amazon.co.jp/gp/bestsellers/zgbs/6152202051
357,https://www.amazon.co.jp/gp/bestsellers/zgbs/15673161
358,https://www.amazon.co.jp/gp/bestsellers/zgbs/331016011
359,https://www.amazon.co.jp/gp/bestsellers/zgbs/2228660051
360,https://www.amazon.co.jp/gp/bestsellers/zgbs/15673171
361,https://www.amazon.co.jp/gp/bestsellers/zgbs/2201225051
362,https://www.amazon.co.jp/gp/bestsellers/zgbs/2131806051
363,https://www.amazon.co.jp/gp/bestsellers/zgbs/3182258051
364,https://www.amazon.co.jp/gp/bestsellers/zgbs/3208882051
365,https://www.amazon.co.jp/gp/bestsellers/zgbs/2201266051
366,https://www.amazon.co.jp/gp/bestsellers/zgbs/3412871051
367,https://www.amazon.co.jp/gp/bestsellers/zgbs/2221148051
368,https://www.amazon.co.jp/gp/bestsellers/zgbs/5368113051
369,https://www.amazon.co.jp/gp/bestsellers/zgbs/386607011
370,https://www.amazon.co.jp/gp/bestsellers/zgbs/3974662051
371,https://www.amazon.co.jp/gp/bestsellers/zgbs/15673251
372,https://www.amazon.co.jp/gp/bestsellers/zgbs/2131675051
373,https://www.amazon.co.jp/gp/bestsellers/zgbs/2201307051
374,https://www.amazon.co.jp/gp/bestsellers/zgbs/15673261
375,https://www.amazon.co.jp/gp/bestsellers/zgbs/15337391
376,https://www.amazon.co.jp/gp/bestsellers/zgbs/3151792051
377,https://www.amazon.co.jp/gp/bestsellers/zgbs/15337401
378,https://www.amazon.co.jp/gp/bestsellers/zgbs/5773658051
379,https://www.amazon.co.jp/gp/bestsellers/zgbs/5637466051
380,https://www.amazon.co.jp/gp/bestsellers/zgbs/15337411
381,https://www.amazon.co.jp/gp/bestsellers/zgbs/15321031
382,https://www.amazon.co.jp/gp/bestsellers/zgbs/2201135051
383,https://www.amazon.co.jp/gp/bestsellers/zgbs/377432011
384,https://www.amazon.co.jp/gp/bestsellers/zgbs/15673291
385,https://www.amazon.co.jp/gp/bestsellers/zgbs/15321041
386,https://www.amazon.co.jp/gp/bestsellers/zgbs/2201348051
387,https://www.amazon.co.jp/gp/bestsellers/zgbs/2131716051
388,https://www.amazon.co.jp/gp/bestsellers/zgbs/15337441
389,https://www.amazon.co.jp/gp/bestsellers/zgbs/2249091051
390,https://www.amazon.co.jp/gp/bestsellers/zgbs/15337451
391,https://www.amazon.co.jp/gp/bestsellers/zgbs/5966424051
392,https://www.amazon.co.jp/gp/bestsellers/zgbs/5313112051
393,https://www.amazon.co.jp/gp/bestsellers/zgbs/377473011
394,https://www.amazon.co.jp/gp/bestsellers/zgbs/15337461
395,https://www.amazon.co.jp/gp/bestsellers/zgbs/2201176051
396,https://www.amazon.co.jp/gp/bestsellers/zgbs/2131757051
397,https://www.amazon.co.jp/gp/bestsellers/zgbs/2799405051
398,https://www.amazon.co.jp/gp/bestsellers/zgbs/5995309051
399,https://www.amazon.co.jp/gp/bestsellers/zgbs/2201217051
400,https://www.amazon.co.jp/gp/bestsellers/zgbs/344959011
401,https://www.amazon.co.jp/gp/bestsellers/zgbs/3502123051
402,https://www.amazon.co.jp/gp/bestsellers/zgbs/7654656051
403,https://www.amazon.co.jp/gp/bestsellers/zgbs/2131626051
404,https://www.amazon.co.jp/gp/bestsellers/zgbs/2201258051
405,https://www.amazon.co.jp/gp/bestsellers/zgbs/15337541
406,https://www.amazon.co.jp/gp/bestsellers/zgbs/3412863051
407,https://www.amazon.co.jp/gp/bestsellers/zgbs/2221140051
408,https://www.amazon.co.jp/gp/bestsellers/zgbs/5368105051
409,https://www.amazon.co.jp/gp/bestsellers/zgbs/5393918051
410,https://www.amazon.co.jp/gp/bestsellers/zgbs/386599011
411,https://www.amazon.co.jp/gp/bestsellers/zgbs/2131667051
412,https://www.amazon.co.jp/gp/bestsellers/zgbs/2201299051
413,https://www.amazon.co.jp/gp/bestsellers/zgbs/15321201
414,https://www.amazon.co.jp/gp/bestsellers/zgbs/3151784051
415,https://www.amazon.co.jp/gp/bestsellers/zgbs/15337591
416,https://www.amazon.co.jp/gp/bestsellers/zgbs/15321211
417,https://www.amazon.co.jp/gp/bestsellers/zgbs/5773650051
418,https://www.amazon.co.jp/gp/bestsellers/zgbs/5637458051
419,https://www.amazon.co.jp/gp/bestsellers/zgbs/2282834051
420,https://www.amazon.co.jp/gp/bestsellers/zgbs/377424011
421,https://www.amazon.co.jp/gp/bestsellers/zgbs/2201340051
422,https://www.amazon.co.jp/gp/bestsellers/zgbs/2131708051
423,https://www.amazon.co.jp/gp/bestsellers/zgbs/15337621
424,https://www.amazon.co.jp/gp/bestsellers/zgbs/2393041051
425,https://www.amazon.co.jp/gp/bestsellers/zgbs/15321251
426,https://www.amazon.co.jp/gp/bestsellers/zgbs/15337641
427,https://www.amazon.co.jp/gp/bestsellers/zgbs/2249083051
428,https://www.amazon.co.jp/gp/bestsellers/zgbs/3182160051
429,https://www.amazon.co.jp/gp/bestsellers/zgbs/5966416051
430,https://www.amazon.co.jp/gp/bestsellers/zgbs/2247248051
431,https://www.amazon.co.jp/gp/bestsellers/zgbs/2201168051
432,https://www.amazon.co.jp/gp/bestsellers/zgbs/15321271
433,https://www.amazon.co.jp/gp/bestsellers/zgbs/377465011
434,https://www.amazon.co.jp/gp/bestsellers/zgbs/2201381051
435,https://www.amazon.co.jp/gp/bestsellers/zgbs/15321281
436,https://www.amazon.co.jp/gp/bestsellers/zgbs/2189306051
437,https://www.amazon.co.jp/gp/bestsellers/zgbs/3132410051
438,https://www.amazon.co.jp/gp/bestsellers/zgbs/15321301
439,https://www.amazon.co.jp/gp/bestsellers/zgbs/3182201051
440,https://www.amazon.co.jp/gp/bestsellers/zgbs/2201209051
441,https://www.amazon.co.jp/gp/bestsellers/zgbs/15337691
442,https://www.amazon.co.jp/gp/bestsellers/zgbs/15321311
443,https://www.amazon.co.jp/gp/bestsellers/zgbs/2131790051
444,https://www.amazon.co.jp/gp/bestsellers/zgbs/15337701
445,https://www.amazon.co.jp/gp/bestsellers/zgbs/15321321
446,https://www.amazon.co.jp/gp/bestsellers/zgbs/15337711
447,https://www.amazon.co.jp/gp/bestsellers/zgbs/7654648051
448,https://www.amazon.co.jp/gp/bestsellers/zgbs/15321341
449,https://www.amazon.co.jp/gp/bestsellers/zgbs/491211011
450,https://www.amazon.co.jp/gp/bestsellers/zgbs/3182242051
451,https://www.amazon.co.jp/gp/bestsellers/zgbs/3208866051
452,https://www.amazon.co.jp/gp/bestsellers/zgbs/2201250051
453,https://www.amazon.co.jp/gp/bestsellers/zgbs/15321351
454,https://www.amazon.co.jp/gp/bestsellers/zgbs/3412855051
455,https://www.amazon.co.jp/gp/bestsellers/zgbs/2131831051
456,https://www.amazon.co.jp/gp/bestsellers/zgbs/2221132051
457,https://www.amazon.co.jp/gp/bestsellers/zgbs/15337751
458,https://www.amazon.co.jp/gp/bestsellers/zgbs/367946011
459,https://www.amazon.co.jp/gp/bestsellers/zgbs/386591011
460,https://www.amazon.co.jp/gp/bestsellers/zgbs/3248630051
461,https://www.amazon.co.jp/gp/bestsellers/zgbs/3182283051
462,https://www.amazon.co.jp/gp/bestsellers/zgbs/2131659051
463,https://www.amazon.co.jp/gp/bestsellers/zgbs/2201291051
464,https://www.amazon.co.jp/gp/bestsellers/zgbs/3151776051
465,https://www.amazon.co.jp/gp/bestsellers/zgbs/4636576051
466,https://www.amazon.co.jp/gp/bestsellers/zgbs/5773642051
467,https://www.amazon.co.jp/gp/bestsellers/zgbs/2201332051
468,https://www.amazon.co.jp/gp/bestsellers/zgbs/6102772051
469,https://www.amazon.co.jp/gp/bestsellers/zgbs/2131700051
470,https://www.amazon.co.jp/gp/bestsellers/zgbs/3151817051
471,https://www.amazon.co.jp/gp/bestsellers/zgbs/3305630051
472,https://www.amazon.co.jp/gp/bestsellers/zgbs/2247240051
473,https://www.amazon.co.jp/gp/bestsellers/zgbs/2201160051
474,https://www.amazon.co.jp/gp/bestsellers/zgbs/377457011
475,https://www.amazon.co.jp/gp/bestsellers/zgbs/2131741051
476,https://www.amazon.co.jp/gp/bestsellers/zgbs/2201373051
477,https://www.amazon.co.jp/gp/bestsellers/zgbs/2189298051
478,https://www.amazon.co.jp/gp/bestsellers/zgbs/2201201051
479,https://www.amazon.co.jp/gp/bestsellers/zgbs/2131782051
480,https://www.amazon.co.jp/gp/bestsellers/zgbs/344943011
481,https://www.amazon.co.jp/gp/bestsellers/zgbs/2216987051
482,https://www.amazon.co.jp/gp/bestsellers/zgbs/7654640051
483,https://www.amazon.co.jp/gp/bestsellers/zgbs/3192261051
484,https://www.amazon.co.jp/gp/bestsellers/zgbs/3182234051
485,https://www.amazon.co.jp/gp/bestsellers/zgbs/2201242051
486,https://www.amazon.co.jp/gp/bestsellers/zgbs/325315011
487,https://www.amazon.co.jp/gp/bestsellers/zgbs/5359471051
488,https://www.amazon.co.jp/gp/bestsellers/zgbs/2131823051
489,https://www.amazon.co.jp/gp/bestsellers/zgbs/367938011
490,https://www.amazon.co.jp/gp/bestsellers/zgbs/2131651051
491,https://www.amazon.co.jp/gp/bestsellers/zgbs/491244011
492,https://www.amazon.co.jp/gp/bestsellers/zgbs/3182275051
493,https://www.amazon.co.jp/gp/bestsellers/zgbs/2201283051
494,https://www.amazon.co.jp/gp/bestsellers/zgbs/4636568051
495,https://www.amazon.co.jp/gp/bestsellers/zgbs/15854071
496,https://www.amazon.co.jp/gp/bestsellers/zgbs/2221165051
497,https://www.amazon.co.jp/gp/bestsellers/zgbs/5368130051
498,https://www.amazon.co.jp/gp/bestsellers/zgbs/15337991
499,https://www.amazon.co.jp/gp/bestsellers/zgbs/377408011
500,https://www.amazon.co.jp/gp/bestsellers/zgbs/6102764051
501,https://www.amazon.co.jp/gp/bestsellers/zgbs/2189036051
502,https://www.amazon.co.jp/gp/bestsellers/zgbs/2131692051
503,https://www.amazon.co.jp/gp/bestsellers/zgbs/2201324051
504,https://www.amazon.co.jp/gp/bestsellers/zgbs/5773675051
505,https://www.amazon.co.jp/gp/bestsellers/zgbs/7667264051
506,https://www.amazon.co.jp/gp/bestsellers/zgbs/2247232051
507,https://www.amazon.co.jp/gp/bestsellers/zgbs/2201152051
508,https://www.amazon.co.jp/gp/bestsellers/zgbs/15338041
509,https://www.amazon.co.jp/gp/bestsellers/zgbs/2131733051
510,https://www.amazon.co.jp/gp/bestsellers/zgbs/2201365051
511,https://www.amazon.co.jp/gp/bestsellers/zgbs/2208746051
512,https://www.amazon.co.jp/gp/bestsellers/zgbs/15338061
513,https://www.amazon.co.jp/gp/bestsellers/zgbs/3184233051
514,https://www.amazon.co.jp/gp/bestsellers/zgbs/3151678051
515,https://www.amazon.co.jp/gp/bestsellers/zgbs/2131774051
516,https://www.amazon.co.jp/gp/bestsellers/zgbs/5350419051
517,https://www.amazon.co.jp/gp/bestsellers/zgbs/3182226051
518,https://www.amazon.co.jp/gp/bestsellers/zgbs/4403858051
519,https://www.amazon.co.jp/gp/bestsellers/zgbs/2201234051
520,https://www.amazon.co.jp/gp/bestsellers/zgbs/2131815051
521,https://www.amazon.co.jp/gp/bestsellers/zgbs/367930011
522,https://www.amazon.co.jp/gp/bestsellers/zgbs/347663011
523,https://www.amazon.co.jp/gp/bestsellers/zgbs/2131643051
524,https://www.amazon.co.jp/gp/bestsellers/zgbs/2201275051
525,https://www.amazon.co.jp/gp/bestsellers/zgbs/5368122051
526,https://www.amazon.co.jp/gp/bestsellers/zgbs/6102756051
527,https://www.amazon.co.jp/gp/bestsellers/zgbs/2201316051
528,https://www.amazon.co.jp/gp/bestsellers/zgbs/2131684051
529,https://www.amazon.co.jp/gp/bestsellers/zgbs/87780051
530,https://www.amazon.co.jp/gp/bestsellers/zgbs/3151801051
531,https://www.amazon.co.jp/gp/bestsellers/zgbs/5773667051
532,https://www.amazon.co.jp/gp/bestsellers/zgbs/2201144051
533,https://www.amazon.co.jp/gp/bestsellers/zgbs/2131725051
534,https://www.amazon.co.jp/gp/bestsellers/zgbs/5902093051
535,https://www.amazon.co.jp/gp/bestsellers/zgbs/2201357051
536,https://www.amazon.co.jp/gp/bestsellers/zgbs/2249100051
537,https://www.amazon.co.jp/gp/bestsellers/zgbs/3184225051
538,https://www.amazon.co.jp/gp/bestsellers/zgbs/3182177051
539,https://www.amazon.co.jp/gp/bestsellers/zgbs/2201185051
540,https://www.amazon.co.jp/gp/bestsellers/zgbs/2131766051
541,https://www.amazon.co.jp/gp/bestsellers/zgbs/3151670051
542,https://www.amazon.co.jp/gp/bestsellers/zgbs/344927011
543,https://www.amazon.co.jp/gp/bestsellers/zgbs/6152203051
544,https://www.amazon.co.jp/gp/bestsellers/zgbs/15338301
545,https://www.amazon.co.jp/gp/bestsellers/zgbs/2201226051
546,https://www.amazon.co.jp/gp/bestsellers/zgbs/2131807051
547,https://www.amazon.co.jp/gp/bestsellers/zgbs/2201267051
548,https://www.amazon.co.jp/gp/bestsellers/zgbs/3412872051
549,https://www.amazon.co.jp/gp/bestsellers/zgbs/2221149051
550,https://www.amazon.co.jp/gp/bestsellers/zgbs/5368114051
551,https://www.amazon.co.jp/gp/bestsellers/zgbs/386608011
552,https://www.amazon.co.jp/gp/bestsellers/zgbs/3974663051
553,https://www.amazon.co.jp/gp/bestsellers/zgbs/2131676051
554,https://www.amazon.co.jp/gp/bestsellers/zgbs/2201308051
555,https://www.amazon.co.jp/gp/bestsellers/zgbs/3151793051
556,https://www.amazon.co.jp/gp/bestsellers/zgbs/5773659051
557,https://www.amazon.co.jp/gp/bestsellers/zgbs/5637467051
558,https://www.amazon.co.jp/gp/bestsellers/zgbs/15338411
559,https://www.amazon.co.jp/gp/bestsellers/zgbs/2201136051
560,https://www.amazon.co.jp/gp/bestsellers/zgbs/2201349051
561,https://www.amazon.co.jp/gp/bestsellers/zgbs/2131717051
562,https://www.amazon.co.jp/gp/bestsellers/zgbs/15338441
563,https://www.amazon.co.jp/gp/bestsellers/zgbs/2249092051
564,https://www.amazon.co.jp/gp/bestsellers/zgbs/5966425051
565,https://www.amazon.co.jp/gp/bestsellers/zgbs/2201177051
566,https://www.amazon.co.jp/gp/bestsellers/zgbs/15338461
567,https://www.amazon.co.jp/gp/bestsellers/zgbs/5995310051
568,https://www.amazon.co.jp/gp/bestsellers/zgbs/2131758051
569,https://www.amazon.co.jp/gp/bestsellers/zgbs/2799406051
570,https://www.amazon.co.jp/gp/bestsellers/zgbs/6152195051
571,https://www.amazon.co.jp/gp/bestsellers/zgbs/2189315051
572,https://www.amazon.co.jp/gp/bestsellers/zgbs/491179011
573,https://www.amazon.co.jp/gp/bestsellers/zgbs/3182210051
574,https://www.amazon.co.jp/gp/bestsellers/zgbs/2201218051
575,https://www.amazon.co.jp/gp/bestsellers/zgbs/3502124051
576,https://www.amazon.co.jp/gp/bestsellers/zgbs/2131627051
577,https://www.amazon.co.jp/gp/bestsellers/zgbs/2201259051
578,https://www.amazon.co.jp/gp/bestsellers/zgbs/3412864051
579,https://www.amazon.co.jp/gp/bestsellers/zgbs/2221141051
580,https://www.amazon.co.jp/gp/bestsellers/zgbs/5368106051
581,https://www.amazon.co.jp/gp/bestsellers/zgbs/15338571
582,https://www.amazon.co.jp/gp/bestsellers/zgbs/2131668051
583,https://www.amazon.co.jp/gp/bestsellers/zgbs/2201300051
584,https://www.amazon.co.jp/gp/bestsellers/zgbs/3151785051
585,https://www.amazon.co.jp/gp/bestsellers/zgbs/3550121051
586,https://www.amazon.co.jp/gp/bestsellers/zgbs/5773651051
587,https://www.amazon.co.jp/gp/bestsellers/zgbs/5637459051
588,https://www.amazon.co.jp/gp/bestsellers/zgbs/377425011
589,https://www.amazon.co.jp/gp/bestsellers/zgbs/2201341051
590,https://www.amazon.co.jp/gp/bestsellers/zgbs/2131709051
591,https://www.amazon.co.jp/gp/bestsellers/zgbs/87805051
592,https://www.amazon.co.jp/gp/bestsellers/zgbs/15338631
593,https://www.amazon.co.jp/gp/bestsellers/zgbs/3312807051
594,https://www.amazon.co.jp/gp/bestsellers/zgbs/2249084051
595,https://www.amazon.co.jp/gp/bestsellers/zgbs/2201169051
596,https://www.amazon.co.jp/gp/bestsellers/zgbs/2247249051
597,https://www.amazon.co.jp/gp/bestsellers/zgbs/3182161051
598,https://www.amazon.co.jp/gp/bestsellers/zgbs/15338651
599,https://www.amazon.co.jp/gp/bestsellers/zgbs/5966417051
600,https://www.amazon.co.jp/gp/bestsellers/zgbs/2201382051
601,https://www.amazon.co.jp/gp/bestsellers/zgbs/15338661
602,https://www.amazon.co.jp/gp/bestsellers/zgbs/15338671
603,https://www.amazon.co.jp/gp/bestsellers/zgbs/2201210051
604,https://www.amazon.co.jp/gp/bestsellers/zgbs/2131791051
605,https://www.amazon.co.jp/gp/bestsellers/zgbs/15338711
606,https://www.amazon.co.jp/gp/bestsellers/zgbs/7654649051
607,https://www.amazon.co.jp/gp/bestsellers/zgbs/15338721
608,https://www.amazon.co.jp/gp/bestsellers/zgbs/3192270051
609,https://www.amazon.co.jp/gp/bestsellers/zgbs/3208867051
610,https://www.amazon.co.jp/gp/bestsellers/zgbs/3184291051
611,https://www.amazon.co.jp/gp/bestsellers/zgbs/2201251051
612,https://www.amazon.co.jp/gp/bestsellers/zgbs/3412856051
613,https://www.amazon.co.jp/gp/bestsellers/zgbs/2131832051
614,https://www.amazon.co.jp/gp/bestsellers/zgbs/2221133051
615,https://www.amazon.co.jp/gp/bestsellers/zgbs/367947011
616,https://www.amazon.co.jp/gp/bestsellers/zgbs/3182284051
617,https://www.amazon.co.jp/gp/bestsellers/zgbs/2131660051
618,https://www.amazon.co.jp/gp/bestsellers/zgbs/2201292051
619,https://www.amazon.co.jp/gp/bestsellers/zgbs/3151777051
620,https://www.amazon.co.jp/gp/bestsellers/zgbs/4636577051
621,https://www.amazon.co.jp/gp/bestsellers/zgbs/5773643051
622,https://www.amazon.co.jp/gp/bestsellers/zgbs/15338801
623,https://www.amazon.co.jp/gp/bestsellers/zgbs/15322421
624,https://www.amazon.co.jp/gp/bestsellers/zgbs/2201333051
625,https://www.amazon.co.jp/gp/bestsellers/zgbs/6102773051
626,https://www.amazon.co.jp/gp/bestsellers/zgbs/2131701051
627,https://www.amazon.co.jp/gp/bestsellers/zgbs/15322431
628,https://www.amazon.co.jp/gp/bestsellers/zgbs/2393034051
629,https://www.amazon.co.jp/gp/bestsellers/zgbs/3151818051
630,https://www.amazon.co.jp/gp/bestsellers/zgbs/15322441
631,https://www.amazon.co.jp/gp/bestsellers/zgbs/3305631051
632,https://www.amazon.co.jp/gp/bestsellers/zgbs/2247241051
633,https://www.amazon.co.jp/gp/bestsellers/zgbs/2201161051
634,https://www.amazon.co.jp/gp/bestsellers/zgbs/377458011
635,https://www.amazon.co.jp/gp/bestsellers/zgbs/2201374051
636,https://www.amazon.co.jp/gp/bestsellers/zgbs/15338851
637,https://www.amazon.co.jp/gp/bestsellers/zgbs/16026981
638,https://www.amazon.co.jp/gp/bestsellers/zgbs/15314281
639,https://www.amazon.co.jp/gp/bestsellers/zgbs/15338861
640,https://www.amazon.co.jp/gp/bestsellers/zgbs/15314301
641,https://www.amazon.co.jp/gp/bestsellers/zgbs/3182194051
642,https://www.amazon.co.jp/gp/bestsellers/zgbs/2201202051
643,https://www.amazon.co.jp/gp/bestsellers/zgbs/2131783051
644,https://www.amazon.co.jp/gp/bestsellers/zgbs/344944011
645,https://www.amazon.co.jp/gp/bestsellers/zgbs/15338891
646,https://www.amazon.co.jp/gp/bestsellers/zgbs/15314321
647,https://www.amazon.co.jp/gp/bestsellers/zgbs/7654641051
648,https://www.amazon.co.jp/gp/bestsellers/zgbs/15314331
649,https://www.amazon.co.jp/gp/bestsellers/zgbs/16035231
650,https://www.amazon.co.jp/gp/bestsellers/zgbs/15314341
651,https://www.amazon.co.jp/gp/bestsellers/zgbs/16035241
652,https://www.amazon.co.jp/gp/bestsellers/zgbs/3182235051
653,https://www.amazon.co.jp/gp/bestsellers/zgbs/2201243051
654,https://www.amazon.co.jp/gp/bestsellers/zgbs/15314351
655,https://www.amazon.co.jp/gp/bestsellers/zgbs/2228080051
656,https://www.amazon.co.jp/gp/bestsellers/zgbs/2220912051
657,https://www.amazon.co.jp/gp/bestsellers/zgbs/2131824051
658,https://www.amazon.co.jp/gp/bestsellers/zgbs/2221125051
659,https://www.amazon.co.jp/gp/bestsellers/zgbs/367939011
660,https://www.amazon.co.jp/gp/bestsellers/zgbs/15338951
661,https://www.amazon.co.jp/gp/bestsellers/zgbs/2114031051
662,https://www.amazon.co.jp/gp/bestsellers/zgbs/2131652051
663,https://www.amazon.co.jp/gp/bestsellers/zgbs/491245011
664,https://www.amazon.co.jp/gp/bestsellers/zgbs/3182276051
665,https://www.amazon.co.jp/gp/bestsellers/zgbs/2201284051
666,https://www.amazon.co.jp/gp/bestsellers/zgbs/15314391
667,https://www.amazon.co.jp/gp/bestsellers/zgbs/4636569051
668,https://www.amazon.co.jp/gp/bestsellers/zgbs/15314411
669,https://www.amazon.co.jp/gp/bestsellers/zgbs/5368131051
670,https://www.amazon.co.jp/gp/bestsellers/zgbs/377409011
671,https://www.amazon.co.jp/gp/bestsellers/zgbs/15314421
672,https://www.amazon.co.jp/gp/bestsellers/zgbs/15339001
673,https://www.amazon.co.jp/gp/bestsellers/zgbs/6102765051
674,https://www.amazon.co.jp/gp/bestsellers/zgbs/2131693051
675,https://www.amazon.co.jp/gp/bestsellers/zgbs/2201325051
676,https://www.amazon.co.jp/gp/bestsellers/zgbs/15314431
677,https://www.amazon.co.jp/gp/bestsellers/zgbs/3151810051
678,https://www.amazon.co.jp/gp/bestsellers/zgbs/15314441
679,https://www.amazon.co.jp/gp/bestsellers/zgbs/5773676051
680,https://www.amazon.co.jp/gp/bestsellers/zgbs/7667265051
681,https://www.amazon.co.jp/gp/bestsellers/zgbs/2201153051
682,https://www.amazon.co.jp/gp/bestsellers/zgbs/15322651
683,https://www.amazon.co.jp/gp/bestsellers/zgbs/2247233051
684,https://www.amazon.co.jp/gp/bestsellers/zgbs/2131734051
685,https://www.amazon.co.jp/gp/bestsellers/zgbs/15314481
686,https://www.amazon.co.jp/gp/bestsellers/zgbs/15314491
687,https://www.amazon.co.jp/gp/bestsellers/zgbs/3182186051
688,https://www.amazon.co.jp/gp/bestsellers/zgbs/15322691
689,https://www.amazon.co.jp/gp/bestsellers/zgbs/15314501
690,https://www.amazon.co.jp/gp/bestsellers/zgbs/2201194051
691,https://www.amazon.co.jp/gp/bestsellers/zgbs/3151679051
692,https://www.amazon.co.jp/gp/bestsellers/zgbs/2131775051
693,https://www.amazon.co.jp/gp/bestsellers/zgbs/15322701
694,https://www.amazon.co.jp/gp/bestsellers/zgbs/344936011
695,https://www.amazon.co.jp/gp/bestsellers/zgbs/16035411
696,https://www.amazon.co.jp/gp/bestsellers/zgbs/5350420051
697,https://www.amazon.co.jp/gp/bestsellers/zgbs/15322711
698,https://www.amazon.co.jp/gp/bestsellers/zgbs/15683161
699,https://www.amazon.co.jp/gp/bestsellers/zgbs/3350761051
700,https://www.amazon.co.jp/gp/bestsellers/zgbs/5346537051
701,https://www.amazon.co.jp/gp/bestsellers/zgbs/3182227051
702,https://www.amazon.co.jp/gp/bestsellers/zgbs/4403859051
703,https://www.amazon.co.jp/gp/bestsellers/zgbs/15314541
704,https://www.amazon.co.jp/gp/bestsellers/zgbs/2201235051
705,https://www.amazon.co.jp/gp/bestsellers/zgbs/2131816051
706,https://www.amazon.co.jp/gp/bestsellers/zgbs/2221117051
707,https://www.amazon.co.jp/gp/bestsellers/zgbs/367931011
708,https://www.amazon.co.jp/gp/bestsellers/zgbs/15322761
709,https://www.amazon.co.jp/gp/bestsellers/zgbs/3192295051
710,https://www.amazon.co.jp/gp/bestsellers/zgbs/2131644051
711,https://www.amazon.co.jp/gp/bestsellers/zgbs/3182268051
712,https://www.amazon.co.jp/gp/bestsellers/zgbs/2201276051
713,https://www.amazon.co.jp/gp/bestsellers/zgbs/2202300051
714,https://www.amazon.co.jp/gp/bestsellers/zgbs/4636561051
715,https://www.amazon.co.jp/gp/bestsellers/zgbs/15322781
716,https://www.amazon.co.jp/gp/bestsellers/zgbs/2221158051
717,https://www.amazon.co.jp/gp/bestsellers/zgbs/15314601
718,https://www.amazon.co.jp/gp/bestsellers/zgbs/5368123051
719,https://www.amazon.co.jp/gp/bestsellers/zgbs/15314611
720,https://www.amazon.co.jp/gp/bestsellers/zgbs/6102757051
721,https://www.amazon.co.jp/gp/bestsellers/zgbs/2114277051
722,https://www.amazon.co.jp/gp/bestsellers/zgbs/2201317051
723,https://www.amazon.co.jp/gp/bestsellers/zgbs/15314621
724,https://www.amazon.co.jp/gp/bestsellers/zgbs/2131685051
725,https://www.amazon.co.jp/gp/bestsellers/zgbs/87781051
726,https://www.amazon.co.jp/gp/bestsellers/zgbs/3151802051
727,https://www.amazon.co.jp/gp/bestsellers/zgbs/15314631
728,https://www.amazon.co.jp/gp/bestsellers/zgbs/15683281
729,https://www.amazon.co.jp/gp/bestsellers/zgbs/5773668051
730,https://www.amazon.co.jp/gp/bestsellers/zgbs/2201145051
731,https://www.amazon.co.jp/gp/bestsellers/zgbs/2131726051
732,https://www.amazon.co.jp/gp/bestsellers/zgbs/5902094051
733,https://www.amazon.co.jp/gp/bestsellers/zgbs/2201358051
734,https://www.amazon.co.jp/gp/bestsellers/zgbs/15314661
735,https://www.amazon.co.jp/gp/bestsellers/zgbs/15314671
736,https://www.amazon.co.jp/gp/bestsellers/zgbs/15314681
737,https://www.amazon.co.jp/gp/bestsellers/zgbs/2249101051
738,https://www.amazon.co.jp/gp/bestsellers/zgbs/3182178051
739,https://www.amazon.co.jp/gp/bestsellers/zgbs/15314691
740,https://www.amazon.co.jp/gp/bestsellers/zgbs/2201186051
741,https://www.amazon.co.jp/gp/bestsellers/zgbs/2131767051
742,https://www.amazon.co.jp/gp/bestsellers/zgbs/3151671051
743,https://www.amazon.co.jp/gp/bestsellers/zgbs/15314701
744,https://www.amazon.co.jp/gp/bestsellers/zgbs/6152204051
745,https://www.amazon.co.jp/gp/bestsellers/zgbs/15314711
746,https://www.amazon.co.jp/gp/bestsellers/zgbs/15314721
747,https://www.amazon.co.jp/gp/bestsellers/zgbs/15314731
748,https://www.amazon.co.jp/gp/bestsellers/zgbs/2201227051
749,https://www.amazon.co.jp/gp/bestsellers/zgbs/2131808051
750,https://www.amazon.co.jp/gp/bestsellers/zgbs/344969011
751,https://www.amazon.co.jp/gp/bestsellers/zgbs/15314761
752,https://www.amazon.co.jp/gp/bestsellers/zgbs/3182260051
753,https://www.amazon.co.jp/gp/bestsellers/zgbs/15314771
754,https://www.amazon.co.jp/gp/bestsellers/zgbs/3412873051
755,https://www.amazon.co.jp/gp/bestsellers/zgbs/2221150051
756,https://www.amazon.co.jp/gp/bestsellers/zgbs/15314791
757,https://www.amazon.co.jp/gp/bestsellers/zgbs/15683431
758,https://www.amazon.co.jp/gp/bestsellers/zgbs/5368115051
759,https://www.amazon.co.jp/gp/bestsellers/zgbs/15314801
760,https://www.amazon.co.jp/gp/bestsellers/zgbs/3974664051
761,https://www.amazon.co.jp/gp/bestsellers/zgbs/2131677051
762,https://www.amazon.co.jp/gp/bestsellers/zgbs/2201309051
763,https://www.amazon.co.jp/gp/bestsellers/zgbs/15314811
764,https://www.amazon.co.jp/gp/bestsellers/zgbs/3151794051
765,https://www.amazon.co.jp/gp/bestsellers/zgbs/4137906051
766,https://www.amazon.co.jp/gp/bestsellers/zgbs/15314821
767,https://www.amazon.co.jp/gp/bestsellers/zgbs/15314831
768,https://www.amazon.co.jp/gp/bestsellers/zgbs/14315411
769,https://www.amazon.co.jp/gp/bestsellers/zgbs/5773660051
770,https://www.amazon.co.jp/gp/bestsellers/zgbs/5637468051
771,https://www.amazon.co.jp/gp/bestsellers/zgbs/15347611
772,https://www.amazon.co.jp/gp/bestsellers/zgbs/2201137051
773,https://www.amazon.co.jp/gp/bestsellers/zgbs/14315421
774,https://www.amazon.co.jp/gp/bestsellers/zgbs/377434011
775,https://www.amazon.co.jp/gp/bestsellers/zgbs/2131718051
776,https://www.amazon.co.jp/gp/bestsellers/zgbs/2201350051
777,https://www.amazon.co.jp/gp/bestsellers/zgbs/15347621
778,https://www.amazon.co.jp/gp/bestsellers/zgbs/14315441
779,https://www.amazon.co.jp/gp/bestsellers/zgbs/3332272051
780,https://www.amazon.co.jp/gp/bestsellers/zgbs/15314871
781,https://www.amazon.co.jp/gp/bestsellers/zgbs/14315451
782,https://www.amazon.co.jp/gp/bestsellers/zgbs/2249093051
783,https://www.amazon.co.jp/gp/bestsellers/zgbs/15347651
784,https://www.amazon.co.jp/gp/bestsellers/zgbs/3186266051
785,https://www.amazon.co.jp/gp/bestsellers/zgbs/3182170051
786,https://www.amazon.co.jp/gp/bestsellers/zgbs/5966426051
787,https://www.amazon.co.jp/gp/bestsellers/zgbs/2201178051
788,https://www.amazon.co.jp/gp/bestsellers/zgbs/5995311051
789,https://www.amazon.co.jp/gp/bestsellers/zgbs/2131759051
790,https://www.amazon.co.jp/gp/bestsellers/zgbs/15347661
791,https://www.amazon.co.jp/gp/bestsellers/zgbs/15314891
792,https://www.amazon.co.jp/gp/bestsellers/zgbs/344920011
793,https://www.amazon.co.jp/gp/bestsellers/zgbs/6152196051
794,https://www.amazon.co.jp/gp/bestsellers/zgbs/2189316051
795,https://www.amazon.co.jp/gp/bestsellers/zgbs/15347671
796,https://www.amazon.co.jp/gp/bestsellers/zgbs/15314911
797,https://www.amazon.co.jp/gp/bestsellers/zgbs/15347681
798,https://www.amazon.co.jp/gp/bestsellers/zgbs/15314921
799,https://www.amazon.co.jp/gp/bestsellers/zgbs/15347691
800,https://www.amazon.co.jp/gp/bestsellers/zgbs/491180011
801,https://www.amazon.co.jp/gp/bestsellers/zgbs/3182211051
802,https://www.amazon.co.jp/gp/bestsellers/zgbs/14315501
803,https://www.amazon.co.jp/gp/bestsellers/zgbs/15314931
804,https://www.amazon.co.jp/gp/bestsellers/zgbs/15347701
805,https://www.amazon.co.jp/gp/bestsellers/zgbs/15347711
806,https://www.amazon.co.jp/gp/bestsellers/zgbs/14315521
807,https://www.amazon.co.jp/gp/bestsellers/zgbs/15314961
808,https://www.amazon.co.jp/gp/bestsellers/zgbs/2131628051
809,https://www.amazon.co.jp/gp/bestsellers/zgbs/2201260051
810,https://www.amazon.co.jp/gp/bestsellers/zgbs/491221011
811,https://www.amazon.co.jp/gp/bestsellers/zgbs/3182252051
812,https://www.amazon.co.jp/gp/bestsellers/zgbs/14315541
813,https://www.amazon.co.jp/gp/bestsellers/zgbs/3412865051
814,https://www.amazon.co.jp/gp/bestsellers/zgbs/15314971
815,https://www.amazon.co.jp/gp/bestsellers/zgbs/15347741
816,https://www.amazon.co.jp/gp/bestsellers/zgbs/2221142051
817,https://www.amazon.co.jp/gp/bestsellers/zgbs/15347751
818,https://www.amazon.co.jp/gp/bestsellers/zgbs/5368107051
819,https://www.amazon.co.jp/gp/bestsellers/zgbs/15347761
820,https://www.amazon.co.jp/gp/bestsellers/zgbs/5297664051
821,https://www.amazon.co.jp/gp/bestsellers/zgbs/15347771
822,https://www.amazon.co.jp/gp/bestsellers/zgbs/2131669051
823,https://www.amazon.co.jp/gp/bestsellers/zgbs/2201301051
824,https://www.amazon.co.jp/gp/bestsellers/zgbs/5773652051
825,https://www.amazon.co.jp/gp/bestsellers/zgbs/5637460051
826,https://www.amazon.co.jp/gp/bestsellers/zgbs/2201342051
827,https://www.amazon.co.jp/gp/bestsellers/zgbs/2131710051
828,https://www.amazon.co.jp/gp/bestsellers/zgbs/2393043051
829,https://www.amazon.co.jp/gp/bestsellers/zgbs/15347821
830,https://www.amazon.co.jp/gp/bestsellers/zgbs/2249085051
831,https://www.amazon.co.jp/gp/bestsellers/zgbs/15347841
832,https://www.amazon.co.jp/gp/bestsellers/zgbs/2247250051
833,https://www.amazon.co.jp/gp/bestsellers/zgbs/5966418051
834,https://www.amazon.co.jp/gp/bestsellers/zgbs/2201170051
835,https://www.amazon.co.jp/gp/bestsellers/zgbs/15347851
836,https://www.amazon.co.jp/gp/bestsellers/zgbs/2201383051
837,https://www.amazon.co.jp/gp/bestsellers/zgbs/15347881
838,https://www.amazon.co.jp/gp/bestsellers/zgbs/3182203051
839,https://www.amazon.co.jp/gp/bestsellers/zgbs/2201211051
840,https://www.amazon.co.jp/gp/bestsellers/zgbs/15347891
841,https://www.amazon.co.jp/gp/bestsellers/zgbs/15675571
842,https://www.amazon.co.jp/gp/bestsellers/zgbs/15347901
843,https://www.amazon.co.jp/gp/bestsellers/zgbs/15675581
844,https://www.amazon.co.jp/gp/bestsellers/zgbs/7654650051
845,https://www.amazon.co.jp/gp/bestsellers/zgbs/15675591
846,https://www.amazon.co.jp/gp/bestsellers/zgbs/3182244051
847,https://www.amazon.co.jp/gp/bestsellers/zgbs/2201252051
848,https://www.amazon.co.jp/gp/bestsellers/zgbs/3412857051
849,https://www.amazon.co.jp/gp/bestsellers/zgbs/2131833051
850,https://www.amazon.co.jp/gp/bestsellers/zgbs/367948011
851,https://www.amazon.co.jp/gp/bestsellers/zgbs/5368099051
852,https://www.amazon.co.jp/gp/bestsellers/zgbs/15675631
853,https://www.amazon.co.jp/gp/bestsellers/zgbs/5393912051
854,https://www.amazon.co.jp/gp/bestsellers/zgbs/15675641
855,https://www.amazon.co.jp/gp/bestsellers/zgbs/87757051
856,https://www.amazon.co.jp/gp/bestsellers/zgbs/3182285051
857,https://www.amazon.co.jp/gp/bestsellers/zgbs/2131661051
858,https://www.amazon.co.jp/gp/bestsellers/zgbs/2201293051
859,https://www.amazon.co.jp/gp/bestsellers/zgbs/3550114051
860,https://www.amazon.co.jp/gp/bestsellers/zgbs/15675651
861,https://www.amazon.co.jp/gp/bestsellers/zgbs/4636578051
862,https://www.amazon.co.jp/gp/bestsellers/zgbs/15675661
863,https://www.amazon.co.jp/gp/bestsellers/zgbs/5773644051
864,https://www.amazon.co.jp/gp/bestsellers/zgbs/6034764051
865,https://www.amazon.co.jp/gp/bestsellers/zgbs/2201334051
866,https://www.amazon.co.jp/gp/bestsellers/zgbs/2131702051
867,https://www.amazon.co.jp/gp/bestsellers/zgbs/2393035051
868,https://www.amazon.co.jp/gp/bestsellers/zgbs/3305632051
869,https://www.amazon.co.jp/gp/bestsellers/zgbs/2201162051
870,https://www.amazon.co.jp/gp/bestsellers/zgbs/377459011
871,https://www.amazon.co.jp/gp/bestsellers/zgbs/2247242051
872,https://www.amazon.co.jp/gp/bestsellers/zgbs/15348041
873,https://www.amazon.co.jp/gp/bestsellers/zgbs/2201375051
874,https://www.amazon.co.jp/gp/bestsellers/zgbs/2189300051
875,https://www.amazon.co.jp/gp/bestsellers/zgbs/15348061
876,https://www.amazon.co.jp/gp/bestsellers/zgbs/15348071
877,https://www.amazon.co.jp/gp/bestsellers/zgbs/3182195051
878,https://www.amazon.co.jp/gp/bestsellers/zgbs/2201203051
879,https://www.amazon.co.jp/gp/bestsellers/zgbs/15348081
880,https://www.amazon.co.jp/gp/bestsellers/zgbs/2131784051
881,https://www.amazon.co.jp/gp/bestsellers/zgbs/15348091
882,https://www.amazon.co.jp/gp/bestsellers/zgbs/4440306051
883,https://www.amazon.co.jp/gp/bestsellers/zgbs/7654642051
884,https://www.amazon.co.jp/gp/bestsellers/zgbs/15348101
885,https://www.amazon.co.jp/gp/bestsellers/zgbs/3192263051
886,https://www.amazon.co.jp/gp/bestsellers/zgbs/15348111
887,https://www.amazon.co.jp/gp/bestsellers/zgbs/3182236051
888,https://www.amazon.co.jp/gp/bestsellers/zgbs/2201244051
889,https://www.amazon.co.jp/gp/bestsellers/zgbs/15348121
890,https://www.amazon.co.jp/gp/bestsellers/zgbs/2131825051
891,https://www.amazon.co.jp/gp/bestsellers/zgbs/15348131
892,https://www.amazon.co.jp/gp/bestsellers/zgbs/2221126051
893,https://www.amazon.co.jp/gp/bestsellers/zgbs/367940011
894,https://www.amazon.co.jp/gp/bestsellers/zgbs/15348141
895,https://www.amazon.co.jp/gp/bestsellers/zgbs/2131653051
896,https://www.amazon.co.jp/gp/bestsellers/zgbs/3182277051
897,https://www.amazon.co.jp/gp/bestsellers/zgbs/2201285051
898,https://www.amazon.co.jp/gp/bestsellers/zgbs/4636570051
899,https://www.amazon.co.jp/gp/bestsellers/zgbs/2221167051
900,https://www.amazon.co.jp/gp/bestsellers/zgbs/5368132051
901,https://www.amazon.co.jp/gp/bestsellers/zgbs/377410011
902,https://www.amazon.co.jp/gp/bestsellers/zgbs/6102766051
903,https://www.amazon.co.jp/gp/bestsellers/zgbs/2131694051
904,https://www.amazon.co.jp/gp/bestsellers/zgbs/2201326051
905,https://www.amazon.co.jp/gp/bestsellers/zgbs/87790051
906,https://www.amazon.co.jp/gp/bestsellers/zgbs/3151811051
907,https://www.amazon.co.jp/gp/bestsellers/zgbs/2201154051
908,https://www.amazon.co.jp/gp/bestsellers/zgbs/3182146051
909,https://www.amazon.co.jp/gp/bestsellers/zgbs/2247234051
910,https://www.amazon.co.jp/gp/bestsellers/zgbs/2131735051
911,https://www.amazon.co.jp/gp/bestsellers/zgbs/2132972051
912,https://www.amazon.co.jp/gp/bestsellers/zgbs/2201195051
913,https://www.amazon.co.jp/gp/bestsellers/zgbs/3151680051
914,https://www.amazon.co.jp/gp/bestsellers/zgbs/2131776051
915,https://www.amazon.co.jp/gp/bestsellers/zgbs/5350421051
916,https://www.amazon.co.jp/gp/bestsellers/zgbs/3182228051
917,https://www.amazon.co.jp/gp/bestsellers/zgbs/4403860051
918,https://www.amazon.co.jp/gp/bestsellers/zgbs/2201236051
919,https://www.amazon.co.jp/gp/bestsellers/zgbs/2131817051
920,https://www.amazon.co.jp/gp/bestsellers/zgbs/2221118051
921,https://www.amazon.co.jp/gp/bestsellers/zgbs/367932011
922,https://www.amazon.co.jp/gp/bestsellers/zgbs/3192296051
923,https://www.amazon.co.jp/gp/bestsellers/zgbs/2131645051
924,https://www.amazon.co.jp/gp/bestsellers/zgbs/491238011
925,https://www.amazon.co.jp/gp/bestsellers/zgbs/4636562051
926,https://www.amazon.co.jp/gp/bestsellers/zgbs/2221159051
927,https://www.amazon.co.jp/gp/bestsellers/zgbs/5368124051
928,https://www.amazon.co.jp/gp/bestsellers/zgbs/6102758051
929,https://www.amazon.co.jp/gp/bestsellers/zgbs/2114278051
930,https://www.amazon.co.jp/gp/bestsellers/zgbs/2201318051
931,https://www.amazon.co.jp/gp/bestsellers/zgbs/2131686051
932,https://www.amazon.co.jp/gp/bestsellers/zgbs/87782051
933,https://www.amazon.co.jp/gp/bestsellers/zgbs/15348401
934,https://www.amazon.co.jp/gp/bestsellers/zgbs/15348411
935,https://www.amazon.co.jp/gp/bestsellers/zgbs/5773669051
936,https://www.amazon.co.jp/gp/bestsellers/zgbs/2226533051
937,https://www.amazon.co.jp/gp/bestsellers/zgbs/2201146051
938,https://www.amazon.co.jp/gp/bestsellers/zgbs/2131727051
939,https://www.amazon.co.jp/gp/bestsellers/zgbs/5902095051
940,https://www.amazon.co.jp/gp/bestsellers/zgbs/2201359051
941,https://www.amazon.co.jp/gp/bestsellers/zgbs/15348431
942,https://www.amazon.co.jp/gp/bestsellers/zgbs/15348441
943,https://www.amazon.co.jp/gp/bestsellers/zgbs/15348451
944,https://www.amazon.co.jp/gp/bestsellers/zgbs/2249102051
945,https://www.amazon.co.jp/gp/bestsellers/zgbs/3182179051
946,https://www.amazon.co.jp/gp/bestsellers/zgbs/2201187051
947,https://www.amazon.co.jp/gp/bestsellers/zgbs/2131768051
948,https://www.amazon.co.jp/gp/bestsellers/zgbs/344929011
949,https://www.amazon.co.jp/gp/bestsellers/zgbs/6152205051
950,https://www.amazon.co.jp/gp/bestsellers/zgbs/15348481
951,https://www.amazon.co.jp/gp/bestsellers/zgbs/15348491
952,https://www.amazon.co.jp/gp/bestsellers/zgbs/11072271
953,https://www.amazon.co.jp/gp/bestsellers/zgbs/3182220051
954,https://www.amazon.co.jp/gp/bestsellers/zgbs/2201228051
955,https://www.amazon.co.jp/gp/bestsellers/zgbs/344970011
956,https://www.amazon.co.jp/gp/bestsellers/zgbs/2131809051
957,https://www.amazon.co.jp/gp/bestsellers/zgbs/3637089051
958,https://www.amazon.co.jp/gp/bestsellers/zgbs/15348511
959,https://www.amazon.co.jp/gp/bestsellers/zgbs/3201504051
960,https://www.amazon.co.jp/gp/bestsellers/zgbs/11072311
961,https://www.amazon.co.jp/gp/bestsellers/zgbs/491230011
962,https://www.amazon.co.jp/gp/bestsellers/zgbs/3182261051
963,https://www.amazon.co.jp/gp/bestsellers/zgbs/15749951
964,https://www.amazon.co.jp/gp/bestsellers/zgbs/11072321
965,https://www.amazon.co.jp/gp/bestsellers/zgbs/3412874051
966,https://www.amazon.co.jp/gp/bestsellers/zgbs/15348551
967,https://www.amazon.co.jp/gp/bestsellers/zgbs/15749961
968,https://www.amazon.co.jp/gp/bestsellers/zgbs/2221151051
969,https://www.amazon.co.jp/gp/bestsellers/zgbs/15749971
970,https://www.amazon.co.jp/gp/bestsellers/zgbs/5368116051
971,https://www.amazon.co.jp/gp/bestsellers/zgbs/3974665051
972,https://www.amazon.co.jp/gp/bestsellers/zgbs/15749981
973,https://www.amazon.co.jp/gp/bestsellers/zgbs/2201310051
974,https://www.amazon.co.jp/gp/bestsellers/zgbs/3151795051
975,https://www.amazon.co.jp/gp/bestsellers/zgbs/4137907051
976,https://www.amazon.co.jp/gp/bestsellers/zgbs/15750001
977,https://www.amazon.co.jp/gp/bestsellers/zgbs/5773661051
978,https://www.amazon.co.jp/gp/bestsellers/zgbs/5637469051
979,https://www.amazon.co.jp/gp/bestsellers/zgbs/3116381051
980,https://www.amazon.co.jp/gp/bestsellers/zgbs/2201138051
981,https://www.amazon.co.jp/gp/bestsellers/zgbs/377435011
982,https://www.amazon.co.jp/gp/bestsellers/zgbs/15750021
983,https://www.amazon.co.jp/gp/bestsellers/zgbs/2201351051
984,https://www.amazon.co.jp/gp/bestsellers/zgbs/5902087051
985,https://www.amazon.co.jp/gp/bestsellers/zgbs/15750031
986,https://www.amazon.co.jp/gp/bestsellers/zgbs/15750041
987,https://www.amazon.co.jp/gp/bestsellers/zgbs/2249094051
988,https://www.amazon.co.jp/gp/bestsellers/zgbs/15750051
989,https://www.amazon.co.jp/gp/bestsellers/zgbs/15348651
990,https://www.amazon.co.jp/gp/bestsellers/zgbs/3182171051
991,https://www.amazon.co.jp/gp/bestsellers/zgbs/15750061
992,https://www.amazon.co.jp/gp/bestsellers/zgbs/5966427051
993,https://www.amazon.co.jp/gp/bestsellers/zgbs/2201179051
994,https://www.amazon.co.jp/gp/bestsellers/zgbs/5995312051
995,https://www.amazon.co.jp/gp/bestsellers/zgbs/2131760051
996,https://www.amazon.co.jp/gp/bestsellers/zgbs/15348661
997,https://www.amazon.co.jp/gp/bestsellers/zgbs/344921011
998,https://www.amazon.co.jp/gp/bestsellers/zgbs/15750071
999,https://www.amazon.co.jp/gp/bestsellers/zgbs/6152197051
1000,https://www.amazon.co.jp/gp/bestsellers/zgbs/15348671
1001,https://www.amazon.co.jp/gp/bestsellers/zgbs/15348681
1002,https://www.amazon.co.jp/gp/bestsellers/zgbs/491181011
1003,https://www.amazon.co.jp/gp/bestsellers/zgbs/2201220051
1004,https://www.amazon.co.jp/gp/bestsellers/zgbs/15750101
1005,https://www.amazon.co.jp/gp/bestsellers/zgbs/344962011
1006,https://www.amazon.co.jp/gp/bestsellers/zgbs/15750111
1007,https://www.amazon.co.jp/gp/bestsellers/zgbs/3502126051
1008,https://www.amazon.co.jp/gp/bestsellers/zgbs/2131629051
1009,https://www.amazon.co.jp/gp/bestsellers/zgbs/2201261051
1010,https://www.amazon.co.jp/gp/bestsellers/zgbs/3182253051
1011,https://www.amazon.co.jp/gp/bestsellers/zgbs/3412866051
1012,https://www.amazon.co.jp/gp/bestsellers/zgbs/15840271
1013,https://www.amazon.co.jp/gp/bestsellers/zgbs/5368108051
1014,https://www.amazon.co.jp/gp/bestsellers/zgbs/15840281
1015,https://www.amazon.co.jp/gp/bestsellers/zgbs/386602011
1016,https://www.amazon.co.jp/gp/bestsellers/zgbs/3192321051
1017,https://www.amazon.co.jp/gp/bestsellers/zgbs/2131670051
1018,https://www.amazon.co.jp/gp/bestsellers/zgbs/2201302051
1019,https://www.amazon.co.jp/gp/bestsellers/zgbs/3151787051
1020,https://www.amazon.co.jp/gp/bestsellers/zgbs/3550123051
1021,https://www.amazon.co.jp/gp/bestsellers/zgbs/5773653051
1022,https://www.amazon.co.jp/gp/bestsellers/zgbs/5637461051
1023,https://www.amazon.co.jp/gp/bestsellers/zgbs/2201343051
1024,https://www.amazon.co.jp/gp/bestsellers/zgbs/2131711051
1025,https://www.amazon.co.jp/gp/bestsellers/zgbs/8172500051
1026,https://www.amazon.co.jp/gp/bestsellers/zgbs/2249086051
1027,https://www.amazon.co.jp/gp/bestsellers/zgbs/5966419051
1028,https://www.amazon.co.jp/gp/bestsellers/zgbs/2201171051
1029,https://www.amazon.co.jp/gp/bestsellers/zgbs/377468011
1030,https://www.amazon.co.jp/gp/bestsellers/zgbs/2201384051
1031,https://www.amazon.co.jp/gp/bestsellers/zgbs/15676531
1032,https://www.amazon.co.jp/gp/bestsellers/zgbs/2189309051
1033,https://www.amazon.co.jp/gp/bestsellers/zgbs/15676541
1034,https://www.amazon.co.jp/gp/bestsellers/zgbs/15692941
1035,https://www.amazon.co.jp/gp/bestsellers/zgbs/3182204051
1036,https://www.amazon.co.jp/gp/bestsellers/zgbs/2201212051
1037,https://www.amazon.co.jp/gp/bestsellers/zgbs/7654651051
1038,https://www.amazon.co.jp/gp/bestsellers/zgbs/3192272051
1039,https://www.amazon.co.jp/gp/bestsellers/zgbs/2131621051
1040,https://www.amazon.co.jp/gp/bestsellers/zgbs/2201253051
1041,https://www.amazon.co.jp/gp/bestsellers/zgbs/3412858051
1042,https://www.amazon.co.jp/gp/bestsellers/zgbs/2131834051
1043,https://www.amazon.co.jp/gp/bestsellers/zgbs/2221135051
1044,https://www.amazon.co.jp/gp/bestsellers/zgbs/367949011
1045,https://www.amazon.co.jp/gp/bestsellers/zgbs/5368100051
1046,https://www.amazon.co.jp/gp/bestsellers/zgbs/5393913051
1047,https://www.amazon.co.jp/gp/bestsellers/zgbs/2201294051
1048,https://www.amazon.co.jp/gp/bestsellers/zgbs/2131662051
1049,https://www.amazon.co.jp/gp/bestsellers/zgbs/87758051
1050,https://www.amazon.co.jp/gp/bestsellers/zgbs/5343950051
1051,https://www.amazon.co.jp/gp/bestsellers/zgbs/3151779051
1052,https://www.amazon.co.jp/gp/bestsellers/zgbs/3550115051
1053,https://www.amazon.co.jp/gp/bestsellers/zgbs/4636579051
1054,https://www.amazon.co.jp/gp/bestsellers/zgbs/5773645051
1055,https://www.amazon.co.jp/gp/bestsellers/zgbs/6034765051
1056,https://www.amazon.co.jp/gp/bestsellers/zgbs/2201335051
1057,https://www.amazon.co.jp/gp/bestsellers/zgbs/2131703051
1058,https://www.amazon.co.jp/gp/bestsellers/zgbs/2393036051
1059,https://www.amazon.co.jp/gp/bestsellers/zgbs/3305633051
1060,https://www.amazon.co.jp/gp/bestsellers/zgbs/2247243051
1061,https://www.amazon.co.jp/gp/bestsellers/zgbs/5966411051
1062,https://www.amazon.co.jp/gp/bestsellers/zgbs/2201163051
1063,https://www.amazon.co.jp/gp/bestsellers/zgbs/377460011
1064,https://www.amazon.co.jp/gp/bestsellers/zgbs/2201376051
1065,https://www.amazon.co.jp/gp/bestsellers/zgbs/2189301051
1066,https://www.amazon.co.jp/gp/bestsellers/zgbs/3182196051
1067,https://www.amazon.co.jp/gp/bestsellers/zgbs/2201204051
1068,https://www.amazon.co.jp/gp/bestsellers/zgbs/2131785051
1069,https://www.amazon.co.jp/gp/bestsellers/zgbs/344946011
1070,https://www.amazon.co.jp/gp/bestsellers/zgbs/4440307051
1071,https://www.amazon.co.jp/gp/bestsellers/zgbs/7654643051
1072,https://www.amazon.co.jp/gp/bestsellers/zgbs/3208861051
1073,https://www.amazon.co.jp/gp/bestsellers/zgbs/3184285051
1074,https://www.amazon.co.jp/gp/bestsellers/zgbs/2201245051
1075,https://www.amazon.co.jp/gp/bestsellers/zgbs/2228082051
1076,https://www.amazon.co.jp/gp/bestsellers/zgbs/3412850051
1077,https://www.amazon.co.jp/gp/bestsellers/zgbs/2131826051
1078,https://www.amazon.co.jp/gp/bestsellers/zgbs/367941011
1079,https://www.amazon.co.jp/gp/bestsellers/zgbs/2131654051
1080,https://www.amazon.co.jp/gp/bestsellers/zgbs/3182278051
1081,https://www.amazon.co.jp/gp/bestsellers/zgbs/2201286051
1082,https://www.amazon.co.jp/gp/bestsellers/zgbs/4636571051
1083,https://www.amazon.co.jp/gp/bestsellers/zgbs/2221168051
1084,https://www.amazon.co.jp/gp/bestsellers/zgbs/5368133051
1085,https://www.amazon.co.jp/gp/bestsellers/zgbs/377411011
1086,https://www.amazon.co.jp/gp/bestsellers/zgbs/2201327051
1087,https://www.amazon.co.jp/gp/bestsellers/zgbs/6102767051
1088,https://www.amazon.co.jp/gp/bestsellers/zgbs/2131695051
1089,https://www.amazon.co.jp/gp/bestsellers/zgbs/87791051
1090,https://www.amazon.co.jp/gp/bestsellers/zgbs/3151812051
1091,https://www.amazon.co.jp/gp/bestsellers/zgbs/2201155051
1092,https://www.amazon.co.jp/gp/bestsellers/zgbs/3182147051
1093,https://www.amazon.co.jp/gp/bestsellers/zgbs/2247235051
1094,https://www.amazon.co.jp/gp/bestsellers/zgbs/2201368051
1095,https://www.amazon.co.jp/gp/bestsellers/zgbs/2132973051
1096,https://www.amazon.co.jp/gp/bestsellers/zgbs/2201196051
1097,https://www.amazon.co.jp/gp/bestsellers/zgbs/3151681051
1098,https://www.amazon.co.jp/gp/bestsellers/zgbs/2131777051
1099,https://www.amazon.co.jp/gp/bestsellers/zgbs/344938011
1100,https://www.amazon.co.jp/gp/bestsellers/zgbs/15324731
1101,https://www.amazon.co.jp/gp/bestsellers/zgbs/4403861051
1102,https://www.amazon.co.jp/gp/bestsellers/zgbs/2201237051
1103,https://www.amazon.co.jp/gp/bestsellers/zgbs/2131818051
1104,https://www.amazon.co.jp/gp/bestsellers/zgbs/15677001
1105,https://www.amazon.co.jp/gp/bestsellers/zgbs/2221119051
1106,https://www.amazon.co.jp/gp/bestsellers/zgbs/2220308051
1107,https://www.amazon.co.jp/gp/bestsellers/zgbs/2131646051
1108,https://www.amazon.co.jp/gp/bestsellers/zgbs/3182270051
1109,https://www.amazon.co.jp/gp/bestsellers/zgbs/2201278051
1110,https://www.amazon.co.jp/gp/bestsellers/zgbs/4636563051
1111,https://www.amazon.co.jp/gp/bestsellers/zgbs/2221160051
1112,https://www.amazon.co.jp/gp/bestsellers/zgbs/5368125051
1113,https://www.amazon.co.jp/gp/bestsellers/zgbs/2285074051
1114,https://www.amazon.co.jp/gp/bestsellers/zgbs/377403011
1115,https://www.amazon.co.jp/gp/bestsellers/zgbs/6102759051
1116,https://www.amazon.co.jp/gp/bestsellers/zgbs/2201319051
1117,https://www.amazon.co.jp/gp/bestsellers/zgbs/87783051
1118,https://www.amazon.co.jp/gp/bestsellers/zgbs/3151804051
1119,https://www.amazon.co.jp/gp/bestsellers/zgbs/5773670051
1120,https://www.amazon.co.jp/gp/bestsellers/zgbs/2201147051
1121,https://www.amazon.co.jp/gp/bestsellers/zgbs/2131728051
1122,https://www.amazon.co.jp/gp/bestsellers/zgbs/2840336051
1123,https://www.amazon.co.jp/gp/bestsellers/zgbs/5902096051
1124,https://www.amazon.co.jp/gp/bestsellers/zgbs/2201360051
1125,https://www.amazon.co.jp/gp/bestsellers/zgbs/3151673051
1126,https://www.amazon.co.jp/gp/bestsellers/zgbs/2131769051
1127,https://www.amazon.co.jp/gp/bestsellers/zgbs/344930011
1128,https://www.amazon.co.jp/gp/bestsellers/zgbs/6152206051
1129,https://www.amazon.co.jp/gp/bestsellers/zgbs/2201229051
1130,https://www.amazon.co.jp/gp/bestsellers/zgbs/2131810051
1131,https://www.amazon.co.jp/gp/bestsellers/zgbs/3182262051
1132,https://www.amazon.co.jp/gp/bestsellers/zgbs/3412875051
1133,https://www.amazon.co.jp/gp/bestsellers/zgbs/2221152051
1134,https://www.amazon.co.jp/gp/bestsellers/zgbs/5368117051
1135,https://www.amazon.co.jp/gp/bestsellers/zgbs/3974666051
1136,https://www.amazon.co.jp/gp/bestsellers/zgbs/2201311051
1137,https://www.amazon.co.jp/gp/bestsellers/zgbs/3151796051
1138,https://www.amazon.co.jp/gp/bestsellers/zgbs/5773662051
1139,https://www.amazon.co.jp/gp/bestsellers/zgbs/5637470051
1140,https://www.amazon.co.jp/gp/bestsellers/zgbs/15685481
1141,https://www.amazon.co.jp/gp/bestsellers/zgbs/2201139051
1142,https://www.amazon.co.jp/gp/bestsellers/zgbs/377436011
1143,https://www.amazon.co.jp/gp/bestsellers/zgbs/2201352051
1144,https://www.amazon.co.jp/gp/bestsellers/zgbs/5902088051
1145,https://www.amazon.co.jp/gp/bestsellers/zgbs/15685491
1146,https://www.amazon.co.jp/gp/bestsellers/zgbs/3206109051
1147,https://www.amazon.co.jp/gp/bestsellers/zgbs/15677321
1148,https://www.amazon.co.jp/gp/bestsellers/zgbs/2249095051
1149,https://www.amazon.co.jp/gp/bestsellers/zgbs/15685521
1150,https://www.amazon.co.jp/gp/bestsellers/zgbs/3182172051
1151,https://www.amazon.co.jp/gp/bestsellers/zgbs/377477011
1152,https://www.amazon.co.jp/gp/bestsellers/zgbs/15677331
1153,https://www.amazon.co.jp/gp/bestsellers/zgbs/2201180051
1154,https://www.amazon.co.jp/gp/bestsellers/zgbs/5995313051
1155,https://www.amazon.co.jp/gp/bestsellers/zgbs/2131761051
1156,https://www.amazon.co.jp/gp/bestsellers/zgbs/344922011
1157,https://www.amazon.co.jp/gp/bestsellers/zgbs/6152198051
1158,https://www.amazon.co.jp/gp/bestsellers/zgbs/5328902051
1159,https://www.amazon.co.jp/gp/bestsellers/zgbs/15685541
1160,https://www.amazon.co.jp/gp/bestsellers/zgbs/15218601
1161,https://www.amazon.co.jp/gp/bestsellers/zgbs/15218611
1162,https://www.amazon.co.jp/gp/bestsellers/zgbs/491182011
1163,https://www.amazon.co.jp/gp/bestsellers/zgbs/3182213051
1164,https://www.amazon.co.jp/gp/bestsellers/zgbs/15218621
1165,https://www.amazon.co.jp/gp/bestsellers/zgbs/15218631
1166,https://www.amazon.co.jp/gp/bestsellers/zgbs/3502127051
1167,https://www.amazon.co.jp/gp/bestsellers/zgbs/15685581
1168,https://www.amazon.co.jp/gp/bestsellers/zgbs/15218641
1169,https://www.amazon.co.jp/gp/bestsellers/zgbs/367917011
1170,https://www.amazon.co.jp/gp/bestsellers/zgbs/15685591
1171,https://www.amazon.co.jp/gp/bestsellers/zgbs/15218651
1172,https://www.amazon.co.jp/gp/bestsellers/zgbs/15685601
1173,https://www.amazon.co.jp/gp/bestsellers/zgbs/2201262051
1174,https://www.amazon.co.jp/gp/bestsellers/zgbs/3182254051
1175,https://www.amazon.co.jp/gp/bestsellers/zgbs/15218661
1176,https://www.amazon.co.jp/gp/bestsellers/zgbs/3412867051
1177,https://www.amazon.co.jp/gp/bestsellers/zgbs/15742961
1178,https://www.amazon.co.jp/gp/bestsellers/zgbs/2221144051
1179,https://www.amazon.co.jp/gp/bestsellers/zgbs/15218681
1180,https://www.amazon.co.jp/gp/bestsellers/zgbs/5368109051
1181,https://www.amazon.co.jp/gp/bestsellers/zgbs/386603011
1182,https://www.amazon.co.jp/gp/bestsellers/zgbs/15218691
1183,https://www.amazon.co.jp/gp/bestsellers/zgbs/2131671051
1184,https://www.amazon.co.jp/gp/bestsellers/zgbs/2201303051
1185,https://www.amazon.co.jp/gp/bestsellers/zgbs/15218701
1186,https://www.amazon.co.jp/gp/bestsellers/zgbs/3151788051
1187,https://www.amazon.co.jp/gp/bestsellers/zgbs/3550124051
1188,https://www.amazon.co.jp/gp/bestsellers/zgbs/15218721
1189,https://www.amazon.co.jp/gp/bestsellers/zgbs/5773654051
1190,https://www.amazon.co.jp/gp/bestsellers/zgbs/5637462051
1191,https://www.amazon.co.jp/gp/bestsellers/zgbs/2201344051
1192,https://www.amazon.co.jp/gp/bestsellers/zgbs/2131712051
1193,https://www.amazon.co.jp/gp/bestsellers/zgbs/8172501051
1194,https://www.amazon.co.jp/gp/bestsellers/zgbs/15218761
1195,https://www.amazon.co.jp/gp/bestsellers/zgbs/2249087051
1196,https://www.amazon.co.jp/gp/bestsellers/zgbs/5906815051
1197,https://www.amazon.co.jp/gp/bestsellers/zgbs/5966420051
1198,https://www.amazon.co.jp/gp/bestsellers/zgbs/2247252051
1199,https://www.amazon.co.jp/gp/bestsellers/zgbs/377469011
1200,https://www.amazon.co.jp/gp/bestsellers/zgbs/15218781
1201,https://www.amazon.co.jp/gp/bestsellers/zgbs/2189310051
1202,https://www.amazon.co.jp/gp/bestsellers/zgbs/15218801
1203,https://www.amazon.co.jp/gp/bestsellers/zgbs/3182205051
1204,https://www.amazon.co.jp/gp/bestsellers/zgbs/2201213051
1205,https://www.amazon.co.jp/gp/bestsellers/zgbs/344955011
1206,https://www.amazon.co.jp/gp/bestsellers/zgbs/15218821
1207,https://www.amazon.co.jp/gp/bestsellers/zgbs/15218831
1208,https://www.amazon.co.jp/gp/bestsellers/zgbs/7654652051
1209,https://www.amazon.co.jp/gp/bestsellers/zgbs/2131622051
1210,https://www.amazon.co.jp/gp/bestsellers/zgbs/3208870051
1211,https://www.amazon.co.jp/gp/bestsellers/zgbs/2201254051
1212,https://www.amazon.co.jp/gp/bestsellers/zgbs/15218851
1213,https://www.amazon.co.jp/gp/bestsellers/zgbs/3412859051
1214,https://www.amazon.co.jp/gp/bestsellers/zgbs/2131835051
1215,https://www.amazon.co.jp/gp/bestsellers/zgbs/15218861
1216,https://www.amazon.co.jp/gp/bestsellers/zgbs/15218871
1217,https://www.amazon.co.jp/gp/bestsellers/zgbs/5368101051
1218,https://www.amazon.co.jp/gp/bestsellers/zgbs/5393914051
1219,https://www.amazon.co.jp/gp/bestsellers/zgbs/2131663051
1220,https://www.amazon.co.jp/gp/bestsellers/zgbs/2201295051
1221,https://www.amazon.co.jp/gp/bestsellers/zgbs/3151780051
1222,https://www.amazon.co.jp/gp/bestsellers/zgbs/4613028051
1223,https://www.amazon.co.jp/gp/bestsellers/zgbs/3550116051
1224,https://www.amazon.co.jp/gp/bestsellers/zgbs/4636580051
1225,https://www.amazon.co.jp/gp/bestsellers/zgbs/5637454051
1226,https://www.amazon.co.jp/gp/bestsellers/zgbs/15407331
1227,https://www.amazon.co.jp/gp/bestsellers/zgbs/15685871
1228,https://www.amazon.co.jp/gp/bestsellers/zgbs/2201336051
1229,https://www.amazon.co.jp/gp/bestsellers/zgbs/2131704051
1230,https://www.amazon.co.jp/gp/bestsellers/zgbs/15685881
1231,https://www.amazon.co.jp/gp/bestsellers/zgbs/2393037051
1232,https://www.amazon.co.jp/gp/bestsellers/zgbs/2249079051
1233,https://www.amazon.co.jp/gp/bestsellers/zgbs/2247244051
1234,https://www.amazon.co.jp/gp/bestsellers/zgbs/5966412051
1235,https://www.amazon.co.jp/gp/bestsellers/zgbs/2201164051
1236,https://www.amazon.co.jp/gp/bestsellers/zgbs/377461011
1237,https://www.amazon.co.jp/gp/bestsellers/zgbs/2201377051
1238,https://www.amazon.co.jp/gp/bestsellers/zgbs/2189302051
1239,https://www.amazon.co.jp/gp/bestsellers/zgbs/2201205051
1240,https://www.amazon.co.jp/gp/bestsellers/zgbs/2131786051
1241,https://www.amazon.co.jp/gp/bestsellers/zgbs/7654644051
1242,https://www.amazon.co.jp/gp/bestsellers/zgbs/4440308051
1243,https://www.amazon.co.jp/gp/bestsellers/zgbs/3192265051
1244,https://www.amazon.co.jp/gp/bestsellers/zgbs/3208862051
1245,https://www.amazon.co.jp/gp/bestsellers/zgbs/2201246051
1246,https://www.amazon.co.jp/gp/bestsellers/zgbs/3412851051
1247,https://www.amazon.co.jp/gp/bestsellers/zgbs/2228083051
1248,https://www.amazon.co.jp/gp/bestsellers/zgbs/5359475051
1249,https://www.amazon.co.jp/gp/bestsellers/zgbs/2131827051
1250,https://www.amazon.co.jp/gp/bestsellers/zgbs/2221128051
1251,https://www.amazon.co.jp/gp/bestsellers/zgbs/7733746051
1252,https://www.amazon.co.jp/gp/bestsellers/zgbs/2188999051
1253,https://www.amazon.co.jp/gp/bestsellers/zgbs/5018311051
1254,https://www.amazon.co.jp/gp/bestsellers/zgbs/2131655051
1255,https://www.amazon.co.jp/gp/bestsellers/zgbs/3182279051
1256,https://www.amazon.co.jp/gp/bestsellers/zgbs/2201287051
1257,https://www.amazon.co.jp/gp/bestsellers/zgbs/4636572051
1258,https://www.amazon.co.jp/gp/bestsellers/zgbs/2221169051
1259,https://www.amazon.co.jp/gp/bestsellers/zgbs/5773638051
1260,https://www.amazon.co.jp/gp/bestsellers/zgbs/6102768051
1261,https://www.amazon.co.jp/gp/bestsellers/zgbs/2131696051
1262,https://www.amazon.co.jp/gp/bestsellers/zgbs/87792051
1263,https://www.amazon.co.jp/gp/bestsellers/zgbs/2393029051
1264,https://www.amazon.co.jp/gp/bestsellers/zgbs/3151813051
1265,https://www.amazon.co.jp/gp/bestsellers/zgbs/15325651
1266,https://www.amazon.co.jp/gp/bestsellers/zgbs/2201156051
1267,https://www.amazon.co.jp/gp/bestsellers/zgbs/3182148051
1268,https://www.amazon.co.jp/gp/bestsellers/zgbs/2247236051
1269,https://www.amazon.co.jp/gp/bestsellers/zgbs/2131737051
1270,https://www.amazon.co.jp/gp/bestsellers/zgbs/2201369051
1271,https://www.amazon.co.jp/gp/bestsellers/zgbs/15325661
1272,https://www.amazon.co.jp/gp/bestsellers/zgbs/3248921051
1273,https://www.amazon.co.jp/gp/bestsellers/zgbs/2132974051
1274,https://www.amazon.co.jp/gp/bestsellers/zgbs/15325671
1275,https://www.amazon.co.jp/gp/bestsellers/zgbs/15325691
1276,https://www.amazon.co.jp/gp/bestsellers/zgbs/3182189051
1277,https://www.amazon.co.jp/gp/bestsellers/zgbs/2131778051
1278,https://www.amazon.co.jp/gp/bestsellers/zgbs/344939011
1279,https://www.amazon.co.jp/gp/bestsellers/zgbs/15325701
1280,https://www.amazon.co.jp/gp/bestsellers/zgbs/15325711
1281,https://www.amazon.co.jp/gp/bestsellers/zgbs/4522433051
1282,https://www.amazon.co.jp/gp/bestsellers/zgbs/2201238051
1283,https://www.amazon.co.jp/gp/bestsellers/zgbs/2131819051
1284,https://www.amazon.co.jp/gp/bestsellers/zgbs/5359467051
1285,https://www.amazon.co.jp/gp/bestsellers/zgbs/15325741
1286,https://www.amazon.co.jp/gp/bestsellers/zgbs/2221120051
1287,https://www.amazon.co.jp/gp/bestsellers/zgbs/15325751
1288,https://www.amazon.co.jp/gp/bestsellers/zgbs/3124501051
1289,https://www.amazon.co.jp/gp/bestsellers/zgbs/15325761
1290,https://www.amazon.co.jp/gp/bestsellers/zgbs/2131647051
1291,https://www.amazon.co.jp/gp/bestsellers/zgbs/3182271051
1292,https://www.amazon.co.jp/gp/bestsellers/zgbs/15325771
1293,https://www.amazon.co.jp/gp/bestsellers/zgbs/2201279051
1294,https://www.amazon.co.jp/gp/bestsellers/zgbs/3412884051
1295,https://www.amazon.co.jp/gp/bestsellers/zgbs/2429844051
1296,https://www.amazon.co.jp/gp/bestsellers/zgbs/4636564051
1297,https://www.amazon.co.jp/gp/bestsellers/zgbs/15325791
1298,https://www.amazon.co.jp/gp/bestsellers/zgbs/5368126051
1299,https://www.amazon.co.jp/gp/bestsellers/zgbs/15325801
1300,https://www.amazon.co.jp/gp/bestsellers/zgbs/3123731051
1301,https://www.amazon.co.jp/gp/bestsellers/zgbs/377404011
1302,https://www.amazon.co.jp/gp/bestsellers/zgbs/15325811
1303,https://www.amazon.co.jp/gp/bestsellers/zgbs/6102760051
1304,https://www.amazon.co.jp/gp/bestsellers/zgbs/2201320051
1305,https://www.amazon.co.jp/gp/bestsellers/zgbs/2131688051
1306,https://www.amazon.co.jp/gp/bestsellers/zgbs/3151805051
1307,https://www.amazon.co.jp/gp/bestsellers/zgbs/15325821
1308,https://www.amazon.co.jp/gp/bestsellers/zgbs/4693138051
1309,https://www.amazon.co.jp/gp/bestsellers/zgbs/15325831
1310,https://www.amazon.co.jp/gp/bestsellers/zgbs/5773671051
1311,https://www.amazon.co.jp/gp/bestsellers/zgbs/15325841
1312,https://www.amazon.co.jp/gp/bestsellers/zgbs/2201148051
1313,https://www.amazon.co.jp/gp/bestsellers/zgbs/2247228051
1314,https://www.amazon.co.jp/gp/bestsellers/zgbs/3182140051
1315,https://www.amazon.co.jp/gp/bestsellers/zgbs/377445011
1316,https://www.amazon.co.jp/gp/bestsellers/zgbs/2131729051
1317,https://www.amazon.co.jp/gp/bestsellers/zgbs/5902097051
1318,https://www.amazon.co.jp/gp/bestsellers/zgbs/2201361051
1319,https://www.amazon.co.jp/gp/bestsellers/zgbs/15325861
1320,https://www.amazon.co.jp/gp/bestsellers/zgbs/3182181051
1321,https://www.amazon.co.jp/gp/bestsellers/zgbs/2201189051
1322,https://www.amazon.co.jp/gp/bestsellers/zgbs/15325891
1323,https://www.amazon.co.jp/gp/bestsellers/zgbs/2131770051
1324,https://www.amazon.co.jp/gp/bestsellers/zgbs/6152207051
1325,https://www.amazon.co.jp/gp/bestsellers/zgbs/15325901
1326,https://www.amazon.co.jp/gp/bestsellers/zgbs/491191011
1327,https://www.amazon.co.jp/gp/bestsellers/zgbs/3182222051
1328,https://www.amazon.co.jp/gp/bestsellers/zgbs/2201230051
1329,https://www.amazon.co.jp/gp/bestsellers/zgbs/2131811051
1330,https://www.amazon.co.jp/gp/bestsellers/zgbs/15325941
1331,https://www.amazon.co.jp/gp/bestsellers/zgbs/15325961
1332,https://www.amazon.co.jp/gp/bestsellers/zgbs/3182263051
1333,https://www.amazon.co.jp/gp/bestsellers/zgbs/15325971
1334,https://www.amazon.co.jp/gp/bestsellers/zgbs/2221153051
1335,https://www.amazon.co.jp/gp/bestsellers/zgbs/5368118051
1336,https://www.amazon.co.jp/gp/bestsellers/zgbs/15325991
1337,https://www.amazon.co.jp/gp/bestsellers/zgbs/2201312051
1338,https://www.amazon.co.jp/gp/bestsellers/zgbs/3151797051
1339,https://www.amazon.co.jp/gp/bestsellers/zgbs/5773663051
1340,https://www.amazon.co.jp/gp/bestsellers/zgbs/5637471051
1341,https://www.amazon.co.jp/gp/bestsellers/zgbs/15326031
1342,https://www.amazon.co.jp/gp/bestsellers/zgbs/2201140051
1343,https://www.amazon.co.jp/gp/bestsellers/zgbs/3210804051
1344,https://www.amazon.co.jp/gp/bestsellers/zgbs/377437011
1345,https://www.amazon.co.jp/gp/bestsellers/zgbs/331570011
1346,https://www.amazon.co.jp/gp/bestsellers/zgbs/2201353051
1347,https://www.amazon.co.jp/gp/bestsellers/zgbs/5902089051
1348,https://www.amazon.co.jp/gp/bestsellers/zgbs/2249096051
1349,https://www.amazon.co.jp/gp/bestsellers/zgbs/15326071
1350,https://www.amazon.co.jp/gp/bestsellers/zgbs/2347613051
1351,https://www.amazon.co.jp/gp/bestsellers/zgbs/2201181051
1352,https://www.amazon.co.jp/gp/bestsellers/zgbs/2131762051
1353,https://www.amazon.co.jp/gp/bestsellers/zgbs/344923011
1354,https://www.amazon.co.jp/gp/bestsellers/zgbs/6152199051
1355,https://www.amazon.co.jp/gp/bestsellers/zgbs/331013011
1356,https://www.amazon.co.jp/gp/bestsellers/zgbs/3182214051
1357,https://www.amazon.co.jp/gp/bestsellers/zgbs/2201222051
1358,https://www.amazon.co.jp/gp/bestsellers/zgbs/2131803051
1359,https://www.amazon.co.jp/gp/bestsellers/zgbs/344964011
1360,https://www.amazon.co.jp/gp/bestsellers/zgbs/3502128051
1361,https://www.amazon.co.jp/gp/bestsellers/zgbs/367918011
1362,https://www.amazon.co.jp/gp/bestsellers/zgbs/15326141
1363,https://www.amazon.co.jp/gp/bestsellers/zgbs/2201263051
1364,https://www.amazon.co.jp/gp/bestsellers/zgbs/3182255051
1365,https://www.amazon.co.jp/gp/bestsellers/zgbs/3412868051
1366,https://www.amazon.co.jp/gp/bestsellers/zgbs/2221145051
1367,https://www.amazon.co.jp/gp/bestsellers/zgbs/5368110051
1368,https://www.amazon.co.jp/gp/bestsellers/zgbs/3974659051
1369,https://www.amazon.co.jp/gp/bestsellers/zgbs/2131672051
1370,https://www.amazon.co.jp/gp/bestsellers/zgbs/15326211
1371,https://www.amazon.co.jp/gp/bestsellers/zgbs/5773655051
1372,https://www.amazon.co.jp/gp/bestsellers/zgbs/5637463051
1373,https://www.amazon.co.jp/gp/bestsellers/zgbs/15326221
1374,https://www.amazon.co.jp/gp/bestsellers/zgbs/2201132051
1375,https://www.amazon.co.jp/gp/bestsellers/zgbs/377429011
1376,https://www.amazon.co.jp/gp/bestsellers/zgbs/15326231
1377,https://www.amazon.co.jp/gp/bestsellers/zgbs/2201345051
1378,https://www.amazon.co.jp/gp/bestsellers/zgbs/2131713051
1379,https://www.amazon.co.jp/gp/bestsellers/zgbs/15326241
1380,https://www.amazon.co.jp/gp/bestsellers/zgbs/15326251
1381,https://www.amazon.co.jp/gp/bestsellers/zgbs/2249088051
1382,https://www.amazon.co.jp/gp/bestsellers/zgbs/5906816051
1383,https://www.amazon.co.jp/gp/bestsellers/zgbs/15326261
1384,https://www.amazon.co.jp/gp/bestsellers/zgbs/3124608051
1385,https://www.amazon.co.jp/gp/bestsellers/zgbs/3184213051
1386,https://www.amazon.co.jp/gp/bestsellers/zgbs/5966421051
1387,https://www.amazon.co.jp/gp/bestsellers/zgbs/5313109051
1388,https://www.amazon.co.jp/gp/bestsellers/zgbs/2201173051
1389,https://www.amazon.co.jp/gp/bestsellers/zgbs/377470011
1390,https://www.amazon.co.jp/gp/bestsellers/zgbs/2247253051
1391,https://www.amazon.co.jp/gp/bestsellers/zgbs/3203882051
1392,https://www.amazon.co.jp/gp/bestsellers/zgbs/2416639051
1393,https://www.amazon.co.jp/gp/bestsellers/zgbs/2189311051
1394,https://www.amazon.co.jp/gp/bestsellers/zgbs/331005011
1395,https://www.amazon.co.jp/gp/bestsellers/zgbs/15326301
1396,https://www.amazon.co.jp/gp/bestsellers/zgbs/2201214051
1397,https://www.amazon.co.jp/gp/bestsellers/zgbs/344956011
1398,https://www.amazon.co.jp/gp/bestsellers/zgbs/15326321
1399,https://www.amazon.co.jp/gp/bestsellers/zgbs/7654653051
1400,https://www.amazon.co.jp/gp/bestsellers/zgbs/2131623051
1401,https://www.amazon.co.jp/gp/bestsellers/zgbs/491216011
1402,https://www.amazon.co.jp/gp/bestsellers/zgbs/3182247051
1403,https://www.amazon.co.jp/gp/bestsellers/zgbs/3208871051
1404,https://www.amazon.co.jp/gp/bestsellers/zgbs/2201255051
1405,https://www.amazon.co.jp/gp/bestsellers/zgbs/3412860051
1406,https://www.amazon.co.jp/gp/bestsellers/zgbs/15334551
1407,https://www.amazon.co.jp/gp/bestsellers/zgbs/2221137051
1408,https://www.amazon.co.jp/gp/bestsellers/zgbs/5368102051
1409,https://www.amazon.co.jp/gp/bestsellers/zgbs/5393915051
1410,https://www.amazon.co.jp/gp/bestsellers/zgbs/15334571
1411,https://www.amazon.co.jp/gp/bestsellers/zgbs/15326381
1412,https://www.amazon.co.jp/gp/bestsellers/zgbs/2131664051
1413,https://www.amazon.co.jp/gp/bestsellers/zgbs/2201296051
1414,https://www.amazon.co.jp/gp/bestsellers/zgbs/15334581
1415,https://www.amazon.co.jp/gp/bestsellers/zgbs/16047291
1416,https://www.amazon.co.jp/gp/bestsellers/zgbs/3550117051
1417,https://www.amazon.co.jp/gp/bestsellers/zgbs/4636581051
1418,https://www.amazon.co.jp/gp/bestsellers/zgbs/15334591
1419,https://www.amazon.co.jp/gp/bestsellers/zgbs/15326401
1420,https://www.amazon.co.jp/gp/bestsellers/zgbs/16047301
1421,https://www.amazon.co.jp/gp/bestsellers/zgbs/15334601
1422,https://www.amazon.co.jp/gp/bestsellers/zgbs/5773647051
1423,https://www.amazon.co.jp/gp/bestsellers/zgbs/5637455051
1424,https://www.amazon.co.jp/gp/bestsellers/zgbs/377421011
1425,https://www.amazon.co.jp/gp/bestsellers/zgbs/15334611
1426,https://www.amazon.co.jp/gp/bestsellers/zgbs/15326421
1427,https://www.amazon.co.jp/gp/bestsellers/zgbs/2201337051
1428,https://www.amazon.co.jp/gp/bestsellers/zgbs/2131705051
1429,https://www.amazon.co.jp/gp/bestsellers/zgbs/15326431
1430,https://www.amazon.co.jp/gp/bestsellers/zgbs/2393038051
1431,https://www.amazon.co.jp/gp/bestsellers/zgbs/15326451
1432,https://www.amazon.co.jp/gp/bestsellers/zgbs/2249080051
1433,https://www.amazon.co.jp/gp/bestsellers/zgbs/5966413051
1434,https://www.amazon.co.jp/gp/bestsellers/zgbs/3182157051
1435,https://www.amazon.co.jp/gp/bestsellers/zgbs/15326461
1436,https://www.amazon.co.jp/gp/bestsellers/zgbs/2247245051
1437,https://www.amazon.co.jp/gp/bestsellers/zgbs/16047361
1438,https://www.amazon.co.jp/gp/bestsellers/zgbs/2201378051
1439,https://www.amazon.co.jp/gp/bestsellers/zgbs/15326481
1440,https://www.amazon.co.jp/gp/bestsellers/zgbs/15334681
1441,https://www.amazon.co.jp/gp/bestsellers/zgbs/15326491
1442,https://www.amazon.co.jp/gp/bestsellers/zgbs/15367461
1443,https://www.amazon.co.jp/gp/bestsellers/zgbs/2131787051
1444,https://www.amazon.co.jp/gp/bestsellers/zgbs/15334701
1445,https://www.amazon.co.jp/gp/bestsellers/zgbs/14916911
1446,https://www.amazon.co.jp/gp/bestsellers/zgbs/15367471
1447,https://www.amazon.co.jp/gp/bestsellers/zgbs/15334711
1448,https://www.amazon.co.jp/gp/bestsellers/zgbs/14916921
1449,https://www.amazon.co.jp/gp/bestsellers/zgbs/7654645051
1450,https://www.amazon.co.jp/gp/bestsellers/zgbs/14916931
1451,https://www.amazon.co.jp/gp/bestsellers/zgbs/491208011
1452,https://www.amazon.co.jp/gp/bestsellers/zgbs/3208863051
1453,https://www.amazon.co.jp/gp/bestsellers/zgbs/3182239051
1454,https://www.amazon.co.jp/gp/bestsellers/zgbs/2201247051
1455,https://www.amazon.co.jp/gp/bestsellers/zgbs/15334731
1456,https://www.amazon.co.jp/gp/bestsellers/zgbs/3412852051
1457,https://www.amazon.co.jp/gp/bestsellers/zgbs/2131828051
1458,https://www.amazon.co.jp/gp/bestsellers/zgbs/15334741
1459,https://www.amazon.co.jp/gp/bestsellers/zgbs/14916951
1460,https://www.amazon.co.jp/gp/bestsellers/zgbs/2221129051
1461,https://www.amazon.co.jp/gp/bestsellers/zgbs/367943011
1462,https://www.amazon.co.jp/gp/bestsellers/zgbs/15334761
1463,https://www.amazon.co.jp/gp/bestsellers/zgbs/14916971
1464,https://www.amazon.co.jp/gp/bestsellers/zgbs/2131656051
1465,https://www.amazon.co.jp/gp/bestsellers/zgbs/2201288051
1466,https://www.amazon.co.jp/gp/bestsellers/zgbs/14916981
1467,https://www.amazon.co.jp/gp/bestsellers/zgbs/2189000051
1468,https://www.amazon.co.jp/gp/bestsellers/zgbs/4636573051
1469,https://www.amazon.co.jp/gp/bestsellers/zgbs/15334781
1470,https://www.amazon.co.jp/gp/bestsellers/zgbs/14916991
1471,https://www.amazon.co.jp/gp/bestsellers/zgbs/2221170051
1472,https://www.amazon.co.jp/gp/bestsellers/zgbs/15334791
1473,https://www.amazon.co.jp/gp/bestsellers/zgbs/14917001
1474,https://www.amazon.co.jp/gp/bestsellers/zgbs/5773639051
1475,https://www.amazon.co.jp/gp/bestsellers/zgbs/14917011
1476,https://www.amazon.co.jp/gp/bestsellers/zgbs/377413011
1477,https://www.amazon.co.jp/gp/bestsellers/zgbs/6102769051
1478,https://www.amazon.co.jp/gp/bestsellers/zgbs/2201329051
1479,https://www.amazon.co.jp/gp/bestsellers/zgbs/14917021
1480,https://www.amazon.co.jp/gp/bestsellers/zgbs/2131697051
1481,https://www.amazon.co.jp/gp/bestsellers/zgbs/87793051
1482,https://www.amazon.co.jp/gp/bestsellers/zgbs/2393030051
1483,https://www.amazon.co.jp/gp/bestsellers/zgbs/3151814051
1484,https://www.amazon.co.jp/gp/bestsellers/zgbs/3333062051
1485,https://www.amazon.co.jp/gp/bestsellers/zgbs/14917031
1486,https://www.amazon.co.jp/gp/bestsellers/zgbs/2201157051
1487,https://www.amazon.co.jp/gp/bestsellers/zgbs/3182149051
1488,https://www.amazon.co.jp/gp/bestsellers/zgbs/2247237051
1489,https://www.amazon.co.jp/gp/bestsellers/zgbs/2131738051
1490,https://www.amazon.co.jp/gp/bestsellers/zgbs/14917061
1491,https://www.amazon.co.jp/gp/bestsellers/zgbs/2132975051
1492,https://www.amazon.co.jp/gp/bestsellers/zgbs/15334861
1493,https://www.amazon.co.jp/gp/bestsellers/zgbs/14917071
1494,https://www.amazon.co.jp/gp/bestsellers/zgbs/5990809051
1495,https://www.amazon.co.jp/gp/bestsellers/zgbs/3182190051
1496,https://www.amazon.co.jp/gp/bestsellers/zgbs/344940011
1497,https://www.amazon.co.jp/gp/bestsellers/zgbs/15334901
1498,https://www.amazon.co.jp/gp/bestsellers/zgbs/7654637051
1499,https://www.amazon.co.jp/gp/bestsellers/zgbs/15334911
1500,https://www.amazon.co.jp/gp/bestsellers/zgbs/3182231051
1501,https://www.amazon.co.jp/gp/bestsellers/zgbs/2201239051
1502,https://www.amazon.co.jp/gp/bestsellers/zgbs/2131820051
1503,https://www.amazon.co.jp/gp/bestsellers/zgbs/2221121051
1504,https://www.amazon.co.jp/gp/bestsellers/zgbs/2131648051
1505,https://www.amazon.co.jp/gp/bestsellers/zgbs/2201280051
1506,https://www.amazon.co.jp/gp/bestsellers/zgbs/3412885051
1507,https://www.amazon.co.jp/gp/bestsellers/zgbs/6111125051
1508,https://www.amazon.co.jp/gp/bestsellers/zgbs/4636565051
1509,https://www.amazon.co.jp/gp/bestsellers/zgbs/2221162051
1510,https://www.amazon.co.jp/gp/bestsellers/zgbs/5368127051
1511,https://www.amazon.co.jp/gp/bestsellers/zgbs/2285076051
1512,https://www.amazon.co.jp/gp/bestsellers/zgbs/3123732051
1513,https://www.amazon.co.jp/gp/bestsellers/zgbs/377405011
1514,https://www.amazon.co.jp/gp/bestsellers/zgbs/6102761051
1515,https://www.amazon.co.jp/gp/bestsellers/zgbs/2131689051
1516,https://www.amazon.co.jp/gp/bestsellers/zgbs/2201321051
1517,https://www.amazon.co.jp/gp/bestsellers/zgbs/3151806051
1518,https://www.amazon.co.jp/gp/bestsellers/zgbs/2220990051
1519,https://www.amazon.co.jp/gp/bestsellers/zgbs/5773672051
1520,https://www.amazon.co.jp/gp/bestsellers/zgbs/15335031
1521,https://www.amazon.co.jp/gp/bestsellers/zgbs/2201149051
1522,https://www.amazon.co.jp/gp/bestsellers/zgbs/3182141051
1523,https://www.amazon.co.jp/gp/bestsellers/zgbs/377446011
1524,https://www.amazon.co.jp/gp/bestsellers/zgbs/331579011
1525,https://www.amazon.co.jp/gp/bestsellers/zgbs/2131730051
1526,https://www.amazon.co.jp/gp/bestsellers/zgbs/5902098051
1527,https://www.amazon.co.jp/gp/bestsellers/zgbs/2201362051
1528,https://www.amazon.co.jp/gp/bestsellers/zgbs/15343251
1529,https://www.amazon.co.jp/gp/bestsellers/zgbs/15670931
1530,https://www.amazon.co.jp/gp/bestsellers/zgbs/3182182051
1531,https://www.amazon.co.jp/gp/bestsellers/zgbs/2201190051
1532,https://www.amazon.co.jp/gp/bestsellers/zgbs/3151675051
1533,https://www.amazon.co.jp/gp/bestsellers/zgbs/2131771051
1534,https://www.amazon.co.jp/gp/bestsellers/zgbs/344932011
1535,https://www.amazon.co.jp/gp/bestsellers/zgbs/6152208051
1536,https://www.amazon.co.jp/gp/bestsellers/zgbs/15335101
1537,https://www.amazon.co.jp/gp/bestsellers/zgbs/5373583051
1538,https://www.amazon.co.jp/gp/bestsellers/zgbs/2201231051
1539,https://www.amazon.co.jp/gp/bestsellers/zgbs/2131812051
1540,https://www.amazon.co.jp/gp/bestsellers/zgbs/15335141
1541,https://www.amazon.co.jp/gp/bestsellers/zgbs/7237091051
1542,https://www.amazon.co.jp/gp/bestsellers/zgbs/2201272051
1543,https://www.amazon.co.jp/gp/bestsellers/zgbs/15671041
1544,https://www.amazon.co.jp/gp/bestsellers/zgbs/5368119051
1545,https://www.amazon.co.jp/gp/bestsellers/zgbs/15335191
1546,https://www.amazon.co.jp/gp/bestsellers/zgbs/2131681051
1547,https://www.amazon.co.jp/gp/bestsellers/zgbs/87777051
1548,https://www.amazon.co.jp/gp/bestsellers/zgbs/15335201
1549,https://www.amazon.co.jp/gp/bestsellers/zgbs/3151798051
1550,https://www.amazon.co.jp/gp/bestsellers/zgbs/5773664051
1551,https://www.amazon.co.jp/gp/bestsellers/zgbs/5637472051
1552,https://www.amazon.co.jp/gp/bestsellers/zgbs/2201141051
1553,https://www.amazon.co.jp/gp/bestsellers/zgbs/377438011
1554,https://www.amazon.co.jp/gp/bestsellers/zgbs/2201354051
1555,https://www.amazon.co.jp/gp/bestsellers/zgbs/5902090051
1556,https://www.amazon.co.jp/gp/bestsellers/zgbs/2738569051
1557,https://www.amazon.co.jp/gp/bestsellers/zgbs/2249097051
1558,https://www.amazon.co.jp/gp/bestsellers/zgbs/2131763051
1559,https://www.amazon.co.jp/gp/bestsellers/zgbs/6152200051
1560,https://www.amazon.co.jp/gp/bestsellers/zgbs/15671161
1561,https://www.amazon.co.jp/gp/bestsellers/zgbs/15335301
1562,https://www.amazon.co.jp/gp/bestsellers/zgbs/3182215051
1563,https://www.amazon.co.jp/gp/bestsellers/zgbs/2201223051
1564,https://www.amazon.co.jp/gp/bestsellers/zgbs/2131804051
1565,https://www.amazon.co.jp/gp/bestsellers/zgbs/3502129051
1566,https://www.amazon.co.jp/gp/bestsellers/zgbs/367919011
1567,https://www.amazon.co.jp/gp/bestsellers/zgbs/15359921
1568,https://www.amazon.co.jp/gp/bestsellers/zgbs/2201264051
1569,https://www.amazon.co.jp/gp/bestsellers/zgbs/3182256051
1570,https://www.amazon.co.jp/gp/bestsellers/zgbs/3208880051
1571,https://www.amazon.co.jp/gp/bestsellers/zgbs/15671221
1572,https://www.amazon.co.jp/gp/bestsellers/zgbs/5798789051
1573,https://www.amazon.co.jp/gp/bestsellers/zgbs/3412869051
1574,https://www.amazon.co.jp/gp/bestsellers/zgbs/15359941
1575,https://www.amazon.co.jp/gp/bestsellers/zgbs/5368111051
1576,https://www.amazon.co.jp/gp/bestsellers/zgbs/3974660051
1577,https://www.amazon.co.jp/gp/bestsellers/zgbs/15335381
1578,https://www.amazon.co.jp/gp/bestsellers/zgbs/2201305051
1579,https://www.amazon.co.jp/gp/bestsellers/zgbs/2131673051
1580,https://www.amazon.co.jp/gp/bestsellers/zgbs/3151790051
1581,https://www.amazon.co.jp/gp/bestsellers/zgbs/5773656051
1582,https://www.amazon.co.jp/gp/bestsellers/zgbs/5637464051
1583,https://www.amazon.co.jp/gp/bestsellers/zgbs/377430011
1584,https://www.amazon.co.jp/gp/bestsellers/zgbs/15335421
